original_index,y_orig,y_target,n_particles,n_nodes,distance ,n_detections,calls,detections_per_node                       ,distribution_scheme                 ,source_step,spherical_step,dataset,source_step_multiplier_up,source_step_multiplier_down,detections_all
7270          ,1     ,3       ,5          ,5      ,2.4076076,149         ,25017,"[34, 28, 27, 32, 28]"                    ,resetting_embedded_distance_based_20,0.25       ,0.05          ,mnist  ,1.05                     ,0.99                       ,"[[138, 91, 121, 78, 139, 101, 75, 91, 104, 482, 305, 738, 156, 243, 199, 223, 122, 160, 184, 62, 66, 97, 92, 73, 78, 52, 51, 55, 52, 52, 52, 52, 54, 51], [168, 113, 126, 126, 124, 116, 77, 630, 117, 737, 85, 307, 472, 166, 101, 114, 95, 97, 82, 81, 70, 52, 52, 51, 53, 53, 51, 51], [144, 122, 161, 101, 59, 147, 82, 93, 1249, 116, 334, 350, 114, 157, 115, 96, 89, 90, 83, 55, 58, 51, 51, 55, 52, 52, 51], [228, 132, 109, 156, 102, 118, 81, 91, 94, 88, 97, 558, 837, 101, 289, 391, 95, 165, 104, 81, 68, 66, 86, 66, 68, 57, 55, 53, 52, 51, 51, 52], [163, 103, 223, 98, 130, 62, 229, 1112, 187, 154, 242, 183, 101, 222, 85, 89, 88, 78, 76, 78, 84, 51, 53, 51, 51, 58, 52, 54]]"
7270          ,1     ,3       ,5          ,10     ,2.4076076,128         ,25017,"[11, 14, 12, 13, 15, 16, 11, 11, 13, 12]",resetting_embedded_distance_based_20,0.25       ,0.05          ,mnist  ,1.05                     ,0.99                       ,"[[129, 111, 749, 374, 176, 73, 67, 69, 74, 51, 51], [129, 165, 79, 109, 796, 318, 188, 86, 73, 67, 51, 52, 51, 51], [127, 116, 87, 84, 1110, 179, 70, 76, 69, 56, 52, 51], [137, 87, 89, 99, 730, 340, 250, 86, 87, 83, 53, 53, 54], [119, 138, 122, 86, 79, 837, 82, 247, 206, 93, 92, 53, 51, 51, 51], [165, 64, 80, 397, 95, 389, 358, 231, 96, 83, 68, 54, 53, 53, 53, 51], [151, 91, 91, 167, 869, 212, 86, 80, 70, 53, 55], [133, 91, 335, 941, 149, 94, 73, 51, 54, 54, 51], [125, 104, 84, 385, 442, 356, 190, 76, 89, 57, 55, 54, 51], [96, 119, 369, 438, 223, 307, 113, 91, 67, 54, 51, 51]]"
860           ,6     ,7       ,5          ,5      ,3.7782803,87          ,25029,"[19, 16, 17, 16, 19]"                    ,resetting_embedded_distance_based_20,0.25       ,0.05          ,mnist  ,1.05                     ,0.99                       ,"[[1924, 355, 106, 98, 89, 175, 203, 88, 90, 77, 98, 75, 69, 84, 124, 82, 64, 68, 82], [502, 1607, 201, 307, 95, 91, 187, 159, 81, 99, 97, 85, 100, 71, 107, 84], [190, 170, 1888, 194, 261, 128, 85, 156, 220, 91, 105, 69, 87, 91, 76, 117, 81], [168, 394, 1621, 290, 277, 109, 129, 202, 166, 101, 93, 75, 99, 126, 58, 67], [169, 467, 1688, 169, 245, 122, 127, 125, 108, 164, 64, 118, 87, 69, 93, 134, 96, 67, 84]]"
860           ,6     ,7       ,5          ,10     ,3.7782803,68          ,25029,"[7, 9, 6, 8, 8, 4, 7, 5, 7, 7]"          ,resetting_embedded_distance_based_20,0.25       ,0.05          ,mnist  ,1.05                     ,0.99                       ,"[[1164, 171, 126, 96, 105, 75, 106], [1086, 199, 164, 154, 105, 84, 78, 74, 64], [1247, 188, 124, 99, 93, 103], [1025, 136, 101, 147, 87, 96, 111, 65], [994, 155, 195, 86, 120, 95, 90, 71], [148, 183, 86, 76], [1176, 250, 114, 165, 75, 86, 144], [1209, 201, 94, 91, 94], [91, 139, 90, 96, 74, 77, 79], [1128, 155, 98, 181, 105, 86, 92]]"
6265          ,4     ,2       ,5          ,5      ,3.2908084,144         ,25046,"[30, 28, 30, 31, 25]"                    ,resetting_embedded_distance_based_20,0.25       ,0.05          ,mnist  ,1.05                     ,0.99                       ,"[[180, 131, 1459, 95, 80, 213, 90, 59, 89, 56, 54, 93, 100, 71, 60, 57, 76, 65, 67, 78, 68, 82, 63, 69, 100, 76, 57, 61, 62, 55], [195, 116, 76, 1173, 197, 100, 70, 219, 87, 90, 57, 119, 108, 70, 58, 71, 86, 80, 58, 115, 56, 60, 88, 76, 62, 66, 56, 89], [231, 113, 1497, 97, 94, 254, 78, 61, 110, 105, 78, 73, 70, 65, 58, 61, 88, 68, 75, 76, 86, 63, 66, 88, 52, 78, 54, 53, 55, 83], [183, 497, 1125, 97, 108, 261, 76, 59, 76, 65, 61, 115, 123, 68, 53, 60, 71, 64, 68, 59, 64, 68, 62, 52, 89, 90, 62, 57, 77, 60, 61], [180, 658, 811, 94, 306, 70, 69, 116, 100, 86, 80, 57, 61, 80, 71, 66, 60, 74, 94, 64, 58, 100, 74, 67, 66]]"
6265          ,4     ,2       ,5          ,10     ,3.2908084,124         ,25046,"[18, 10, 12, 10, 19, 10, 9, 12, 12, 12]" ,resetting_embedded_distance_based_20,0.25       ,0.05          ,mnist  ,1.05                     ,0.99                       ,"[[182, 82, 710, 275, 68, 98, 76, 66, 56, 57, 84, 83, 74, 61, 65, 62, 53, 56], [999, 79, 117, 67, 81, 92, 67, 79, 73, 69], [875, 186, 81, 100, 67, 90, 55, 102, 64, 53, 53, 73], [145, 100, 105, 60, 58, 70, 81, 61, 90, 72], [91, 747, 96, 170, 73, 83, 85, 62, 57, 58, 52, 58, 57, 69, 62, 79, 80, 57, 55], [178, 69, 69, 118, 59, 86, 86, 98, 57, 77], [917, 212, 75, 93, 84, 70, 69, 98, 62], [115, 822, 209, 65, 100, 65, 78, 66, 66, 93, 74, 75], [87, 86, 85, 56, 54, 64, 68, 78, 67, 75, 68, 54], [249, 77, 53, 94, 90, 66, 82, 56, 80, 61, 68, 65]]"
4426          ,9     ,7       ,5          ,5      ,1.8306835,102         ,25001,"[23, 21, 17, 20, 21]"                    ,resetting_embedded_distance_based_20,0.25       ,0.05          ,mnist  ,1.05                     ,0.99                       ,"[[245, 355, 765, 450, 71, 420, 332, 428, 84, 179, 174, 80, 60, 76, 71, 86, 63, 83, 59, 74, 62, 76, 62], [167, 569, 553, 69, 489, 570, 238, 156, 183, 79, 82, 64, 65, 76, 66, 55, 56, 73, 63, 54, 66], [449, 850, 382, 62, 450, 453, 411, 220, 89, 61, 82, 82, 81, 61, 69, 65, 58], [219, 235, 267, 981, 68, 453, 204, 547, 232, 178, 109, 70, 80, 72, 61, 59, 66, 71, 64, 73], [309, 291, 697, 494, 79, 422, 426, 408, 183, 157, 71, 56, 82, 65, 58, 62, 83, 73, 69, 81, 76]]"
4426          ,9     ,7       ,5          ,10     ,1.8306835,79          ,25001,"[8, 7, 8, 6, 9, 8, 7, 10, 7, 9]"         ,resetting_embedded_distance_based_20,0.25       ,0.05          ,mnist  ,1.05                     ,0.99                       ,"[[270, 457, 241, 164, 96, 66, 56, 65], [419, 962, 126, 64, 69, 69, 62], [646, 649, 183, 65, 75, 62, 59, 69], [131, 77, 74, 66, 63, 67], [768, 562, 197, 126, 79, 77, 58, 57, 67], [644, 656, 128, 75, 83, 67, 74, 57], [590, 752, 124, 72, 66, 63, 67], [255, 602, 570, 247, 70, 78, 67, 64, 83, 56], [746, 643, 205, 81, 69, 62, 63], [548, 621, 96, 152, 74, 62, 71, 70, 58]]"
8322          ,9     ,5       ,5          ,5      ,2.4176242,155         ,25065,"[29, 34, 33, 29, 30]"                    ,resetting_embedded_distance_based_20,0.25       ,0.05          ,mnist  ,1.05                     ,0.99                       ,"[[289, 370, 467, 1005, 135, 58, 201, 93, 126, 60, 64, 61, 78, 92, 59, 55, 81, 132, 87, 54, 76, 106, 65, 61, 57, 51, 54, 80, 55], [300, 171, 551, 1054, 120, 104, 244, 112, 58, 60, 62, 62, 52, 54, 86, 60, 54, 56, 84, 65, 61, 55, 82, 61, 55, 111, 68, 57, 72, 56, 53, 51, 51, 64], [272, 435, 235, 1373, 119, 121, 89, 236, 115, 72, 63, 60, 57, 59, 73, 75, 56, 69, 91, 64, 88, 67, 55, 95, 57, 69, 87, 53, 61, 51, 55, 51, 57], [271, 178, 1688, 117, 108, 250, 118, 64, 67, 62, 64, 65, 68, 63, 64, 66, 52, 84, 58, 86, 67, 127, 72, 51, 65, 58, 54, 51, 77], [224, 1633, 120, 158, 230, 105, 57, 62, 58, 59, 59, 70, 63, 86, 77, 58, 73, 67, 111, 102, 86, 77, 65, 72, 55, 54, 58, 51, 55, 78]]"
8322          ,9     ,5       ,5          ,10     ,2.4176242,136         ,25065,"[13, 14, 13, 14, 15, 12, 11, 12, 17, 15]",resetting_embedded_distance_based_20,0.25       ,0.05          ,mnist  ,1.05                     ,0.99                       ,"[[948, 190, 76, 58, 59, 83, 59, 97, 69, 58, 72, 65, 77], [248, 764, 215, 61, 63, 58, 76, 67, 77, 121, 60, 65, 52, 52], [757, 257, 56, 64, 62, 61, 84, 92, 88, 66, 53, 55, 55], [1089, 142, 148, 67, 61, 85, 79, 52, 98, 92, 58, 62, 55, 56], [464, 481, 286, 57, 61, 76, 56, 76, 68, 52, 70, 107, 63, 55, 51], [602, 205, 61, 57, 64, 80, 82, 86, 51, 100, 63, 58], [903, 254, 65, 71, 69, 71, 72, 64, 71, 78, 62], [252, 71, 97, 87, 75, 72, 95, 59, 51, 52, 51, 59], [207, 976, 87, 155, 65, 64, 72, 54, 54, 62, 55, 95, 71, 64, 53, 54, 51], [1049, 97, 191, 61, 63, 57, 71, 60, 70, 102, 81, 67, 59, 52, 52]]"
769           ,6     ,7       ,5          ,5      ,3.2082303,15          ,25103,"[4, 2, 3, 2, 4]"                         ,resetting_embedded_distance_based_20,0.25       ,0.05          ,mnist  ,1.05                     ,0.99                       ,"[[236, 1365, 1911, 222], [252, 3374], [630, 1119, 1825], [544, 2901], [784, 2176, 484, 159]]"
769           ,6     ,7       ,5          ,10     ,3.2082303,1           ,25103,"[0, 0, 0, 0, 1, 0, 0, 0, 0, 0]"          ,resetting_embedded_distance_based_20,0.25       ,0.05          ,mnist  ,1.05                     ,0.99                       ,"[[], [], [], [], [835], [], [], [], [], []]"
6949          ,2     ,1       ,5          ,5      ,2.774282 ,150         ,25055,"[29, 26, 30, 33, 32]"                    ,resetting_embedded_distance_based_20,0.25       ,0.05          ,mnist  ,1.05                     ,0.99                       ,"[[188, 151, 108, 157, 87, 484, 787, 210, 319, 254, 77, 102, 107, 62, 64, 91, 65, 82, 66, 60, 87, 67, 74, 60, 62, 67, 78, 83, 51], [144, 134, 108, 1239, 257, 453, 109, 96, 103, 56, 58, 67, 79, 77, 61, 110, 84, 97, 62, 57, 56, 53, 82, 66, 60, 54], [143, 159, 117, 1302, 145, 315, 322, 84, 125, 62, 54, 57, 73, 84, 59, 56, 58, 53, 92, 53, 96, 83, 97, 60, 56, 51, 52, 69, 64, 83], [176, 160, 97, 121, 111, 96, 1273, 182, 397, 240, 164, 100, 59, 55, 106, 75, 58, 54, 88, 55, 94, 96, 52, 69, 54, 54, 52, 53, 80, 53, 62, 77, 62], [183, 122, 136, 114, 117, 1244, 180, 330, 323, 116, 109, 68, 58, 54, 64, 83, 59, 77, 71, 103, 73, 64, 53, 53, 57, 51, 57, 55, 75, 62, 57, 51]]"
6949          ,2     ,1       ,5          ,10     ,2.774282 ,128         ,25055,"[16, 11, 13, 13, 14, 12, 13, 11, 13, 12]",resetting_embedded_distance_based_20,0.25       ,0.05          ,mnist  ,1.05                     ,0.99                       ,"[[124, 319, 455, 401, 131, 53, 77, 52, 65, 64, 73, 77, 84, 82, 61, 51], [1130, 82, 69, 70, 103, 65, 58, 58, 63, 80, 54], [163, 1143, 137, 69, 76, 59, 118, 79, 59, 51, 59, 62, 64], [138, 315, 633, 213, 60, 74, 58, 61, 57, 73, 65, 75, 68], [162, 159, 770, 357, 88, 75, 76, 53, 57, 72, 57, 51, 62, 51], [146, 723, 431, 95, 55, 103, 65, 80, 64, 62, 51, 70], [140, 110, 89, 889, 221, 97, 66, 79, 75, 83, 82, 62, 74], [156, 110, 1060, 91, 60, 121, 77, 64, 61, 52, 80], [131, 949, 113, 63, 57, 83, 56, 63, 102, 83, 58, 94, 64], [159, 939, 116, 118, 61, 89, 92, 68, 55, 53, 53, 65]]"
5311          ,9     ,4       ,5          ,5      ,1.5948184,195         ,25042,"[40, 41, 38, 37, 39]"                    ,resetting_embedded_distance_based_20,0.25       ,0.05          ,mnist  ,1.05                     ,0.99                       ,"[[180, 152, 179, 117, 700, 478, 367, 118, 73, 90, 58, 54, 80, 62, 55, 76, 70, 87, 59, 87, 54, 56, 56, 59, 55, 60, 59, 57, 51, 55, 69, 52, 51, 52, 53, 51, 57, 51, 56, 55], [174, 190, 169, 539, 1044, 59, 71, 76, 68, 58, 64, 70, 60, 78, 87, 56, 84, 83, 67, 58, 53, 53, 75, 62, 55, 57, 53, 51, 51, 52, 53, 60, 54, 53, 55, 51, 51, 51, 53, 51, 51], [173, 163, 180, 174, 172, 111, 613, 852, 71, 66, 79, 121, 52, 66, 69, 63, 61, 91, 107, 54, 53, 52, 66, 71, 56, 65, 51, 52, 60, 52, 56, 51, 51, 53, 53, 51, 51, 56], [258, 149, 152, 417, 1055, 134, 62, 70, 76, 64, 80, 58, 81, 61, 61, 83, 86, 72, 57, 51, 62, 51, 67, 58, 59, 52, 53, 59, 55, 55, 51, 51, 52, 51, 51, 57, 51], [199, 194, 185, 152, 135, 688, 654, 128, 72, 86, 68, 63, 82, 67, 75, 63, 64, 92, 73, 85, 66, 56, 56, 60, 63, 74, 51, 51, 60, 51, 54, 59, 53, 51, 54, 51, 54, 52, 62]]"
5311          ,9     ,4       ,5          ,10     ,1.5948184,174         ,25042,"[19, 18, 17, 18, 19, 15, 20, 15, 14, 19]",resetting_embedded_distance_based_20,0.25       ,0.05          ,mnist  ,1.05                     ,0.99                       ,"[[156, 99, 870, 98, 64, 81, 64, 110, 54, 55, 60, 58, 53, 52, 52, 51, 55, 51, 53], [157, 181, 813, 71, 86, 74, 57, 95, 53, 88, 55, 51, 54, 51, 54, 53, 52, 51], [857, 63, 65, 103, 62, 93, 63, 55, 58, 58, 54, 59, 58, 51, 51, 53, 51], [189, 183, 786, 76, 86, 66, 68, 69, 85, 56, 62, 54, 58, 53, 51, 53, 52, 52], [183, 793, 105, 82, 63, 81, 68, 56, 55, 76, 54, 52, 51, 55, 52, 52, 51, 51, 53], [424, 502, 62, 58, 88, 63, 68, 65, 76, 62, 58, 55, 58, 58, 62], [172, 149, 778, 77, 70, 84, 68, 91, 75, 64, 59, 67, 52, 54, 53, 57, 54, 51, 51, 55], [196, 773, 86, 100, 68, 81, 63, 57, 56, 67, 52, 52, 52, 52, 59], [862, 61, 64, 92, 74, 91, 86, 89, 64, 51, 55, 53, 53, 51], [148, 185, 142, 832, 93, 93, 72, 78, 85, 55, 55, 53, 56, 60, 53, 68, 51, 51, 54]]"
1184          ,2     ,9       ,5          ,5      ,2.7266335,43          ,25083,"[7, 11, 8, 9, 8]"                        ,resetting_embedded_distance_based_20,0.25       ,0.05          ,mnist  ,1.05                     ,0.99                       ,"[[205, 569, 1655, 361, 328, 224, 313], [101, 157, 195, 199, 907, 1394, 356, 306, 193, 202, 228], [213, 239, 628, 1470, 491, 293, 202, 221], [191, 185, 214, 2048, 462, 261, 233, 318, 260], [240, 242, 2047, 383, 347, 115, 193, 179]]"
1184          ,2     ,9       ,5          ,10     ,2.7266335,29          ,25083,"[2, 4, 4, 4, 2, 2, 4, 3, 1, 3]"          ,resetting_embedded_distance_based_20,0.25       ,0.05          ,mnist  ,1.05                     ,0.99                       ,"[[1377, 262], [243, 1278, 177, 268], [171, 1443, 163, 297], [210, 562, 845, 317], [1382, 184], [1391, 385], [138, 1289, 300, 164], [193, 1431, 171], [1486], [220, 1394, 219]]"
6396          ,4     ,8       ,5          ,5      ,2.6201591,107         ,25097,"[22, 18, 19, 23, 25]"                    ,resetting_embedded_distance_based_20,0.25       ,0.05          ,mnist  ,1.05                     ,0.99                       ,"[[500, 1106, 311, 110, 76, 117, 193, 102, 114, 137, 132, 177, 214, 215, 96, 74, 79, 65, 85, 57, 56, 67], [1581, 438, 106, 91, 153, 185, 163, 137, 169, 117, 232, 172, 121, 75, 95, 80, 67, 61], [395, 1143, 552, 104, 212, 106, 98, 96, 114, 135, 150, 120, 312, 135, 123, 82, 88, 58, 60], [192, 369, 965, 533, 91, 64, 78, 84, 150, 87, 102, 102, 152, 131, 91, 121, 276, 137, 104, 114, 82, 64, 64], [226, 1158, 635, 82, 86, 119, 100, 125, 81, 124, 103, 200, 129, 103, 69, 331, 127, 108, 62, 58, 55, 90, 58, 57, 74]]"
6396          ,4     ,8       ,5          ,10     ,2.6201591,79          ,25097,"[7, 10, 9, 8, 8, 8, 6, 9, 6, 8]"         ,resetting_embedded_distance_based_20,0.25       ,0.05          ,mnist  ,1.05                     ,0.99                       ,"[[185, 89, 136, 140, 267, 97, 66], [1009, 150, 118, 163, 246, 127, 105, 70, 63, 60], [779, 162, 140, 87, 109, 181, 287, 58, 66], [972, 88, 168, 187, 124, 262, 69, 73], [78, 125, 82, 206, 119, 285, 105, 71], [263, 141, 146, 183, 291, 94, 57, 55], [223, 141, 124, 304, 81, 82], [989, 172, 122, 164, 191, 170, 67, 63, 62], [192, 140, 174, 262, 92, 69], [182, 85, 123, 87, 322, 72, 72, 60]]"
8666          ,1     ,9       ,5          ,5      ,2.6527565,145         ,25014,"[29, 26, 25, 35, 30]"                    ,resetting_embedded_distance_based_20,0.25       ,0.05          ,mnist  ,1.05                     ,0.99                       ,"[[179, 216, 127, 101, 68, 1390, 96, 112, 225, 225, 112, 109, 68, 73, 66, 75, 101, 67, 62, 65, 74, 75, 105, 56, 65, 55, 63, 55, 58], [240, 119, 108, 1418, 291, 112, 61, 208, 85, 125, 111, 98, 60, 71, 100, 77, 69, 60, 67, 101, 63, 61, 56, 59, 67, 58], [204, 173, 1573, 294, 121, 246, 87, 95, 75, 75, 70, 75, 86, 92, 55, 88, 77, 82, 132, 59, 59, 63, 59, 57, 53], [166, 187, 122, 101, 86, 586, 961, 339, 87, 187, 81, 73, 71, 71, 74, 70, 62, 66, 73, 86, 66, 64, 63, 59, 61, 62, 70, 66, 53, 61, 56, 52, 56, 55, 61], [161, 222, 146, 102, 86, 419, 1063, 153, 244, 73, 180, 95, 87, 98, 82, 89, 101, 84, 71, 78, 63, 64, 55, 61, 116, 58, 58, 54, 56, 56]]"
8666          ,1     ,9       ,5          ,10     ,2.6527565,115         ,25014,"[14, 11, 11, 13, 9, 13, 12, 13, 8, 11]"  ,resetting_embedded_distance_based_20,0.25       ,0.05          ,mnist  ,1.05                     ,0.99                       ,"[[155, 131, 820, 184, 164, 92, 80, 74, 106, 68, 68, 61, 56, 58], [928, 172, 172, 149, 84, 78, 64, 80, 57, 63, 54], [112, 1083, 76, 121, 92, 61, 65, 76, 58, 55, 53], [161, 70, 118, 1135, 82, 91, 81, 76, 56, 63, 77, 60, 63], [1125, 170, 91, 83, 120, 85, 84, 66, 69], [819, 171, 153, 68, 103, 78, 88, 61, 60, 93, 59, 55, 60], [172, 109, 872, 240, 104, 77, 84, 85, 65, 101, 59, 62], [140, 88, 726, 345, 102, 86, 90, 100, 56, 60, 98, 58, 74], [1193, 105, 113, 87, 67, 86, 56, 57], [179, 1229, 74, 123, 86, 69, 64, 81, 55, 56, 60]]"
2047          ,6     ,2       ,5          ,5      ,2.7902315,54          ,25004,"[11, 8, 13, 11, 11]"                     ,resetting_embedded_distance_based_20,0.25       ,0.05          ,mnist  ,1.05                     ,0.99                       ,"[[163, 2431, 595, 76, 103, 79, 54, 56, 58, 69, 55], [122, 2540, 604, 106, 68, 58, 57, 66], [201, 2587, 354, 257, 124, 58, 81, 57, 53, 59, 67, 62, 59], [2473, 518, 108, 94, 77, 58, 53, 57, 57, 68, 61], [536, 2135, 597, 78, 87, 72, 54, 61, 52, 55, 62]]"
2047          ,6     ,2       ,5          ,10     ,2.7902315,35          ,25004,"[4, 4, 3, 2, 3, 4, 4, 4, 4, 3]"          ,resetting_embedded_distance_based_20,0.25       ,0.05          ,mnist  ,1.05                     ,0.99                       ,"[[123, 57, 62, 55], [374, 68, 57, 52], [1755, 62, 60], [120, 57], [141, 72, 54], [1666, 126, 55, 59], [1187, 325, 72, 58], [1626, 145, 60, 64], [1538, 98, 56, 66], [96, 57, 58]]"
1899          ,8     ,6       ,5          ,5      ,3.605195 ,90          ,25000,"[27, 17, 16, 18, 12]"                    ,resetting_embedded_distance_based_20,0.25       ,0.05          ,mnist  ,1.05                     ,0.99                       ,"[[1914, 273, 208, 114, 106, 109, 89, 86, 85, 93, 81, 102, 93, 82, 86, 133, 93, 87, 82, 71, 84, 82, 70, 93, 70, 71, 90], [1249, 784, 306, 113, 77, 73, 112, 83, 83, 97, 107, 123, 258, 122, 103, 87, 89], [1969, 577, 120, 82, 67, 73, 92, 108, 136, 98, 100, 146, 69, 286, 168, 137], [1293, 433, 395, 110, 103, 131, 136, 98, 82, 93, 77, 120, 75, 83, 123, 288, 119, 119], [731, 146, 120, 109, 103, 101, 112, 155, 91, 110, 137, 220]]"
1899          ,8     ,6       ,5          ,10     ,3.605195 ,66          ,25000,"[14, 7, 5, 6, 5, 5, 6, 7, 6, 5]"         ,resetting_embedded_distance_based_20,0.25       ,0.05          ,mnist  ,1.05                     ,0.99                       ,"[[110, 100, 109, 101, 80, 150, 69, 70, 61, 59, 73, 67, 59, 69], [1187, 97, 101, 102, 88, 129, 139], [84, 108, 112, 104, 139], [117, 103, 92, 95, 114, 135], [118, 129, 86, 154, 196], [65, 113, 113, 103, 187], [123, 100, 103, 109, 94, 241], [141, 74, 71, 82, 71, 157, 162], [98, 94, 114, 108, 121, 172], [98, 99, 110, 150, 199]]"
1267          ,8     ,2       ,5          ,5      ,3.0455158,67          ,25006,"[16, 14, 12, 14, 11]"                    ,resetting_embedded_distance_based_20,0.25       ,0.05          ,mnist  ,1.05                     ,0.99                       ,"[[208, 217, 301, 145, 119, 147, 102, 88, 95, 114, 73, 76, 72, 85, 102, 95], [1715, 497, 295, 212, 132, 115, 103, 98, 96, 93, 91, 81, 68, 78], [369, 234, 326, 82, 147, 94, 81, 72, 71, 74, 73, 61], [1655, 306, 243, 172, 134, 145, 82, 98, 119, 93, 79, 88, 88, 65], [587, 200, 109, 106, 94, 112, 73, 79, 76, 77, 91]]"
1267          ,8     ,2       ,5          ,10     ,3.0455158,46          ,25006,"[4, 3, 6, 4, 4, 5, 6, 5, 5, 4]"          ,resetting_embedded_distance_based_20,0.25       ,0.05          ,mnist  ,1.05                     ,0.99                       ,"[[133, 131, 99, 106], [144, 85, 97], [151, 144, 112, 77, 75, 89], [135, 125, 77, 92], [140, 87, 85, 86], [128, 112, 114, 90, 83], [204, 101, 119, 95, 72, 88], [142, 129, 86, 90, 98], [144, 84, 101, 89, 55], [132, 93, 65, 90]]"
3556          ,5     ,2       ,5          ,5      ,2.5395494,172         ,25018,"[34, 30, 35, 35, 38]"                    ,resetting_embedded_distance_based_20,0.25       ,0.05          ,mnist  ,1.05                     ,0.99                       ,"[[117, 90, 85, 75, 111, 87, 135, 754, 645, 163, 147, 82, 78, 184, 83, 72, 135, 58, 72, 70, 71, 67, 63, 52, 71, 70, 71, 74, 63, 51, 56, 60, 66, 58], [125, 160, 114, 90, 1432, 114, 154, 145, 175, 72, 78, 60, 128, 61, 66, 71, 64, 54, 57, 58, 84, 54, 78, 59, 70, 56, 57, 60, 60, 58], [243, 85, 86, 139, 77, 90, 132, 143, 753, 601, 226, 212, 116, 185, 89, 61, 122, 63, 81, 68, 62, 58, 61, 60, 69, 61, 57, 78, 72, 60, 57, 58, 63, 62, 72], [161, 116, 130, 105, 89, 98, 109, 129, 478, 235, 923, 107, 143, 127, 115, 168, 74, 73, 123, 67, 75, 62, 62, 63, 75, 66, 64, 68, 74, 53, 53, 57, 59, 67, 68], [155, 103, 86, 124, 70, 88, 90, 85, 694, 564, 291, 128, 179, 193, 122, 72, 107, 64, 60, 69, 61, 62, 55, 61, 52, 81, 65, 64, 61, 54, 59, 52, 55, 60, 53, 59, 58, 64]]"
3556          ,5     ,2       ,5          ,10     ,2.5395494,152         ,25018,"[17, 14, 14, 15, 17, 17, 15, 15, 15, 13]",resetting_embedded_distance_based_20,0.25       ,0.05          ,mnist  ,1.05                     ,0.99                       ,"[[94, 81, 90, 840, 197, 88, 112, 58, 63, 56, 74, 69, 68, 60, 54, 67, 70], [104, 87, 935, 101, 78, 84, 68, 61, 69, 64, 64, 61, 58, 61], [138, 108, 421, 587, 138, 88, 62, 84, 63, 71, 61, 76, 63, 53], [117, 96, 407, 448, 164, 176, 92, 69, 58, 66, 63, 84, 57, 60, 65], [110, 80, 82, 860, 151, 129, 99, 79, 63, 55, 52, 69, 59, 60, 59, 65, 65], [115, 117, 214, 514, 259, 164, 75, 96, 62, 64, 63, 76, 58, 58, 51, 59, 61], [111, 112, 1021, 128, 110, 65, 105, 71, 61, 53, 86, 54, 60, 57, 56], [131, 115, 121, 80, 967, 123, 94, 71, 60, 63, 64, 68, 67, 57, 73], [133, 90, 762, 188, 158, 60, 91, 74, 66, 62, 68, 74, 53, 57, 65], [116, 842, 155, 127, 89, 62, 64, 63, 60, 69, 60, 61, 61]]"
8838          ,2     ,4       ,5          ,5      ,2.086038 ,57          ,25004,"[13, 11, 11, 10, 12]"                    ,resetting_embedded_distance_based_20,0.25       ,0.05          ,mnist  ,1.05                     ,0.99                       ,"[[200, 198, 776, 1472, 319, 169, 127, 144, 192, 174, 97, 104, 96], [251, 671, 1818, 150, 136, 105, 204, 214, 161, 92, 86], [284, 2292, 194, 132, 111, 165, 127, 138, 95, 101, 117], [331, 188, 795, 1572, 243, 152, 177, 282, 120, 110], [369, 258, 524, 1998, 162, 165, 145, 128, 249, 114, 117, 98]]"
8838          ,2     ,4       ,5          ,10     ,2.086038 ,38          ,25004,"[3, 2, 4, 5, 4, 4, 3, 5, 3, 5]"          ,resetting_embedded_distance_based_20,0.25       ,0.05          ,mnist  ,1.05                     ,0.99                       ,"[[1365, 194, 190], [224, 90], [1389, 139, 151, 131], [1354, 228, 111, 91, 83], [1317, 110, 180, 135], [1460, 131, 219, 81], [1214, 175, 207], [1479, 77, 182, 105, 86], [1112, 115, 189], [1393, 160, 112, 195, 96]]"
5393          ,4     ,3       ,5          ,5      ,4.1879363,23          ,25046,"[6, 4, 3, 5, 5]"                         ,resetting_embedded_distance_based_20,0.25       ,0.05          ,mnist  ,1.05                     ,0.99                       ,"[[2182, 460, 308, 284, 227, 153], [1521, 485, 852, 123], [1632, 1694, 204], [1606, 952, 618, 138, 206], [1729, 755, 656, 258, 194]]"
5393          ,4     ,3       ,5          ,10     ,4.1879363,8           ,25046,"[0, 1, 1, 0, 1, 1, 1, 1, 1, 1]"          ,resetting_embedded_distance_based_20,0.25       ,0.05          ,mnist  ,1.05                     ,0.99                       ,"[[], [226], [127], [], [179], [322], [251], [353], [163], [165]]"
8792          ,6     ,1       ,5          ,5      ,3.0020077,44          ,25040,"[8, 10, 11, 7, 8]"                       ,resetting_embedded_distance_based_20,0.25       ,0.05          ,mnist  ,1.05                     ,0.99                       ,"[[1540, 512, 135, 141, 254, 192, 246, 343], [179, 1961, 297, 131, 133, 180, 250, 235, 317, 136], [1717, 518, 120, 146, 109, 149, 199, 212, 141, 243, 217], [2000, 127, 157, 272, 317, 216, 179], [2054, 180, 123, 211, 198, 162, 263, 290]]"
8792          ,6     ,1       ,5          ,10     ,3.0020077,25          ,25040,"[3, 2, 3, 2, 2, 3, 2, 2, 3, 3]"          ,resetting_embedded_distance_based_20,0.25       ,0.05          ,mnist  ,1.05                     ,0.99                       ,"[[1106, 226, 261], [261, 294], [140, 201, 316], [234, 266], [190, 258], [1137, 279, 275], [269, 233], [254, 302], [1131, 318, 133], [126, 209, 276]]"
7513          ,7     ,4       ,5          ,5      ,1.6416476,127         ,25056,"[23, 26, 24, 24, 30]"                    ,resetting_embedded_distance_based_20,0.25       ,0.05          ,mnist  ,1.05                     ,0.99                       ,"[[510, 1386, 79, 362, 165, 132, 66, 83, 113, 62, 61, 67, 82, 92, 82, 116, 54, 53, 62, 68, 56, 91, 72], [513, 1106, 284, 217, 161, 67, 74, 70, 89, 62, 88, 60, 55, 69, 81, 113, 71, 65, 91, 59, 65, 70, 81, 74, 56, 57], [493, 818, 682, 204, 520, 132, 74, 84, 108, 73, 74, 76, 66, 64, 77, 81, 59, 66, 109, 62, 72, 85, 66, 54], [644, 1240, 452, 144, 100, 75, 59, 72, 81, 76, 60, 60, 91, 85, 85, 65, 54, 79, 66, 53, 56, 85, 77, 53], [520, 576, 903, 177, 362, 147, 64, 73, 68, 93, 82, 62, 68, 53, 65, 55, 60, 86, 68, 70, 84, 70, 81, 67, 52, 53, 79, 60, 60, 59]]"
7513          ,7     ,4       ,5          ,10     ,1.6416476,100         ,25056,"[9, 9, 10, 11, 12, 9, 8, 11, 9, 12]"     ,resetting_embedded_distance_based_20,0.25       ,0.05          ,mnist  ,1.05                     ,0.99                       ,"[[66, 74, 60, 69, 53, 74, 79, 83, 75], [904, 93, 59, 65, 70, 83, 91, 83, 70], [823, 63, 107, 60, 93, 81, 52, 67, 69, 67], [870, 229, 97, 67, 62, 52, 62, 62, 69, 79, 85], [472, 267, 102, 66, 91, 71, 72, 64, 64, 80, 67, 57], [1134, 67, 93, 72, 84, 67, 96, 68, 78], [727, 86, 70, 73, 91, 78, 61, 85], [78, 86, 74, 69, 91, 119, 81, 51, 51, 72, 53], [81, 80, 53, 58, 89, 79, 52, 60, 93], [1114, 65, 96, 71, 89, 73, 51, 76, 54, 62, 55, 61]]"
7041          ,7     ,3       ,5          ,5      ,2.0353968,172         ,25036,"[36, 33, 33, 33, 37]"                    ,resetting_embedded_distance_based_20,0.25       ,0.05          ,mnist  ,1.05                     ,0.99                       ,"[[161, 136, 105, 107, 95, 121, 573, 555, 238, 165, 112, 56, 234, 154, 127, 106, 61, 75, 84, 69, 56, 72, 63, 71, 58, 51, 68, 58, 65, 74, 65, 54, 63, 64, 51, 70], [162, 117, 125, 518, 799, 124, 131, 121, 301, 71, 149, 110, 52, 96, 76, 70, 53, 64, 55, 104, 54, 65, 60, 61, 58, 59, 80, 60, 54, 62, 51, 74, 78], [197, 136, 105, 141, 633, 381, 333, 164, 80, 158, 246, 107, 98, 52, 52, 86, 52, 70, 53, 67, 62, 58, 54, 55, 75, 73, 75, 62, 64, 82, 56, 63, 62], [198, 146, 128, 116, 98, 1163, 180, 138, 141, 95, 195, 274, 113, 83, 66, 88, 77, 58, 64, 61, 62, 57, 78, 54, 81, 77, 63, 57, 51, 65, 57, 74, 51], [208, 177, 109, 115, 97, 78, 77, 134, 1054, 341, 127, 124, 98, 88, 123, 185, 137, 119, 55, 81, 85, 64, 56, 63, 60, 65, 58, 67, 77, 78, 76, 55, 78, 57, 85, 52, 54]]"
7041          ,7     ,3       ,5          ,10     ,2.0353968,149         ,25036,"[14, 16, 16, 13, 14, 12, 15, 16, 15, 18]",resetting_embedded_distance_based_20,0.25       ,0.05          ,mnist  ,1.05                     ,0.99                       ,"[[269, 123, 251, 69, 70, 65, 65, 67, 51, 66, 71, 72, 74, 52], [104, 238, 546, 220, 78, 118, 72, 62, 53, 66, 60, 63, 58, 78, 53, 77], [142, 102, 700, 151, 197, 115, 58, 82, 70, 56, 75, 56, 53, 72, 61, 71], [129, 95, 783, 168, 198, 86, 76, 73, 62, 88, 101, 63, 53], [90, 232, 78, 78, 56, 55, 53, 53, 74, 65, 58, 55, 53, 58], [112, 740, 340, 75, 80, 72, 53, 76, 74, 63, 66, 73], [188, 137, 118, 802, 90, 214, 85, 84, 60, 65, 68, 92, 62, 53, 74], [131, 110, 94, 786, 115, 205, 104, 69, 72, 69, 75, 67, 56, 52, 61, 67], [108, 142, 697, 112, 124, 242, 54, 91, 59, 75, 71, 52, 95, 57, 60], [137, 93, 129, 95, 817, 175, 180, 73, 76, 62, 54, 75, 60, 60, 60, 71, 51, 54]]"
7270          ,1     ,3       ,5          ,10     ,2.4076076,122         ,25017,"[10, 19, 14, 7, 14, 10, 20, 7, 8, 13]"   ,resetting_embedded_distance_based_50,0.25       ,0.05          ,mnist  ,1.05                     ,0.99                       ,"[[135, 105, 103, 69, 1245, 111, 53, 60, 105, 56], [99, 145, 98, 321, 79, 507, 96, 352, 63, 231, 57, 58, 51, 54, 53, 51, 55, 51, 55], [91, 123, 89, 772, 345, 65, 109, 58, 76, 97, 61, 104, 59, 52], [152, 90, 1191, 81, 89, 92, 92], [108, 71, 355, 445, 396, 59, 211, 56, 79, 51, 52, 52, 53, 51], [107, 101, 289, 981, 92, 67, 54, 51, 51, 51], [153, 82, 104, 110, 92, 102, 106, 1208, 116, 76, 96, 53, 51, 51, 51, 51, 52, 52, 52, 51], [138, 126, 736, 560, 167, 102, 54], [89, 145, 101, 81, 100, 1135, 62, 97], [139, 106, 83, 911, 94, 254, 56, 51, 55, 68, 52, 53, 59]]"
860           ,6     ,7       ,5          ,10     ,3.7782803,70          ,25029,"[4, 7, 6, 6, 9, 9, 9, 12, 5, 3]"         ,resetting_embedded_distance_based_50,0.25       ,0.05          ,mnist  ,1.05                     ,0.99                       ,"[[1085, 208, 67, 126], [282, 1103, 186, 98, 100, 66, 112], [208, 1019, 139, 93, 91, 150], [342, 1071, 86, 214, 105, 107], [195, 89, 95, 57, 68, 90, 95, 87, 75], [996, 142, 175, 164, 86, 77, 82, 86, 78], [228, 77, 156, 99, 98, 72, 79, 75, 62], [68, 116, 95, 200, 80, 101, 84, 65, 65, 64, 60, 63], [132, 163, 173, 80, 70], [75, 159, 168]]"
6265          ,4     ,2       ,5          ,10     ,3.2908084,120         ,25046,"[16, 14, 16, 3, 16, 7, 14, 21, 10, 3]"   ,resetting_embedded_distance_based_50,0.25       ,0.05          ,mnist  ,1.05                     ,0.99                       ,"[[1002, 57, 73, 52, 72, 63, 60, 53, 52, 72, 60, 53, 55, 68, 77, 70], [821, 72, 207, 53, 65, 85, 53, 81, 53, 52, 95, 66, 126, 52], [305, 52, 54, 54, 55, 53, 52, 51, 52, 51, 52, 65, 58, 66, 72, 64], [222, 54, 60], [113, 108, 934, 53, 65, 97, 62, 75, 105, 57, 98, 51, 57, 51, 60, 55], [91, 77, 72, 74, 56, 176, 56], [1032, 54, 190, 67, 80, 52, 54, 51, 51, 55, 51, 54, 54, 54], [137, 389, 534, 63, 148, 77, 52, 52, 132, 51, 51, 53, 57, 83, 64, 57, 53, 76, 54, 66, 51], [807, 253, 53, 115, 52, 53, 65, 64, 73, 51], [1012, 217, 144]]"
4426          ,9     ,7       ,5          ,10     ,1.8306835,76          ,25001,"[11, 9, 8, 5, 5, 4, 6, 10, 8, 10]"       ,resetting_embedded_distance_based_50,0.25       ,0.05          ,mnist  ,1.05                     ,0.99                       ,"[[1046, 95, 111, 73, 74, 91, 157, 69, 53, 86, 63], [177, 857, 648, 54, 78, 84, 57, 64, 54], [588, 252, 605, 62, 68, 82, 83, 76], [574, 866, 55, 59, 75], [1331, 85, 76, 55, 56], [1401, 82, 69, 62], [742, 647, 131, 125, 71, 74], [687, 336, 586, 73, 79, 68, 67, 65, 64, 62], [175, 1035, 325, 60, 102, 59, 58, 69], [680, 593, 199, 72, 60, 56, 52, 59, 70, 66]]"
8322          ,9     ,5       ,5          ,10     ,2.4176242,136         ,25065,"[29, 7, 14, 19, 15, 3, 12, 15, 1, 21]"   ,resetting_embedded_distance_based_50,0.25       ,0.05          ,mnist  ,1.05                     ,0.99                       ,"[[307, 698, 53, 51, 269, 58, 74, 58, 53, 55, 53, 51, 55, 51, 65, 51, 51, 51, 51, 57, 55, 78, 75, 51, 51, 77, 51, 54, 51], [51, 53, 56, 64, 54, 52, 51], [911, 73, 97, 77, 113, 56, 52, 51, 55, 53, 52, 81, 52, 175], [1010, 51, 51, 51, 52, 106, 72, 51, 51, 51, 104, 51, 54, 51, 54, 55, 51, 51, 51], [232, 784, 51, 276, 51, 56, 71, 57, 86, 77, 61, 55, 52, 64, 59], [1183, 82, 81], [936, 53, 63, 145, 148, 56, 52, 51, 51, 51, 68, 59], [1281, 63, 53, 51, 51, 52, 56, 117, 56, 51, 116, 56, 53, 53, 51], [166], [226, 795, 51, 55, 52, 51, 51, 52, 57, 212, 153, 51, 53, 58, 63, 164, 51, 51, 51, 51, 53]]"
769           ,6     ,7       ,5          ,10     ,3.2082303,1           ,25103,"[0, 0, 0, 1, 0, 0, 0, 0, 0, 0]"          ,resetting_embedded_distance_based_50,0.25       ,0.05          ,mnist  ,1.05                     ,0.99                       ,"[[], [], [], [1700], [], [], [], [], [], []]"
6949          ,2     ,1       ,5          ,10     ,2.774282 ,130         ,25055,"[12, 14, 11, 12, 12, 12, 16, 13, 17, 11]",resetting_embedded_distance_based_50,0.25       ,0.05          ,mnist  ,1.05                     ,0.99                       ,"[[90, 1011, 62, 66, 77, 51, 51, 51, 56, 95, 51, 56], [124, 176, 1139, 182, 51, 53, 51, 51, 51, 52, 53, 52, 56, 51], [140, 1099, 52, 114, 58, 51, 52, 53, 66, 77, 120], [164, 96, 152, 1303, 65, 55, 52, 62, 95, 77, 51, 89], [161, 1105, 56, 53, 54, 59, 59, 52, 65, 55, 52, 76], [90, 131, 1111, 113, 52, 55, 61, 52, 86, 95, 99, 90], [781, 152, 454, 56, 52, 53, 132, 58, 53, 80, 54, 52, 53, 64, 51, 52], [131, 92, 880, 92, 220, 54, 130, 53, 51, 51, 64, 57, 102], [1050, 52, 191, 51, 51, 53, 52, 52, 52, 52, 52, 52, 51, 51, 53, 54, 81], [115, 993, 59, 63, 160, 51, 63, 62, 51, 52, 51]]"
5311          ,9     ,4       ,5          ,10     ,1.5948184,177         ,25042,"[14, 21, 15, 7, 5, 30, 13, 11, 39, 22]"  ,resetting_embedded_distance_based_50,0.25       ,0.05          ,mnist  ,1.05                     ,0.99                       ,"[[166, 104, 777, 52, 189, 79, 54, 51, 52, 54, 51, 58, 72, 51], [181, 805, 52, 52, 78, 51, 61, 94, 51, 54, 53, 51, 51, 66, 77, 51, 56, 51, 60, 51, 51], [340, 119, 478, 51, 51, 51, 51, 51, 51, 51, 51, 51, 51, 51, 92], [174, 842, 56, 178, 51, 53, 101], [970, 53, 51, 160, 51], [148, 155, 147, 130, 900, 51, 69, 56, 51, 58, 51, 54, 55, 52, 57, 76, 54, 58, 52, 51, 51, 51, 51, 51, 51, 51, 54, 51, 52, 51], [197, 950, 51, 79, 54, 59, 82, 74, 58, 52, 53, 56, 51], [156, 794, 174, 51, 51, 51, 54, 51, 51, 51, 52], [173, 932, 51, 51, 110, 53, 51, 54, 51, 56, 52, 88, 51, 52, 54, 52, 52, 51, 51, 51, 51, 51, 51, 52, 57, 60, 57, 53, 51, 53, 51, 51, 51, 51, 51, 52, 51, 53, 52], [131, 138, 500, 462, 52, 52, 80, 52, 56, 51, 53, 51, 52, 51, 52, 51, 51, 51, 51, 51, 51, 51]]"
1184          ,2     ,9       ,5          ,10     ,2.7266335,27          ,25083,"[4, 2, 4, 4, 3, 2, 1, 3, 2, 2]"          ,resetting_embedded_distance_based_50,0.25       ,0.05          ,mnist  ,1.05                     ,0.99                       ,"[[185, 1430, 89, 197], [1476, 158], [185, 212, 1239, 382], [238, 1246, 283, 249], [177, 1383, 313], [1463, 208], [1434], [1417, 250, 240], [1451, 272], [1341, 290]]"
6396          ,4     ,8       ,5          ,10     ,2.6201591,75          ,25097,"[6, 15, 6, 7, 7, 7, 8, 6, 5, 8]"         ,resetting_embedded_distance_based_50,0.25       ,0.05          ,mnist  ,1.05                     ,0.99                       ,"[[209, 166, 74, 132, 299, 95], [1081, 72, 155, 83, 85, 59, 78, 81, 242, 56, 249, 72, 51, 81, 59], [1176, 151, 505, 79, 53, 56], [1148, 211, 145, 245, 204, 61, 51], [93, 113, 347, 198, 73, 51, 55], [164, 152, 74, 344, 108, 53, 52], [95, 160, 178, 146, 245, 324, 68, 64], [219, 172, 294, 71, 121, 72], [112, 163, 359, 52, 53], [87, 85, 91, 67, 86, 97, 299, 75]]"
8666          ,1     ,9       ,5          ,10     ,2.6527565,108         ,25014,"[11, 7, 6, 26, 11, 17, 3, 3, 16, 8]"     ,resetting_embedded_distance_based_50,0.25       ,0.05          ,mnist  ,1.05                     ,0.99                       ,"[[90, 1089, 54, 54, 150, 61, 57, 56, 87, 56, 57], [110, 639, 334, 123, 215, 59, 283], [129, 1045, 52, 52, 188, 377], [1240, 67, 85, 62, 55, 63, 56, 72, 51, 77, 87, 62, 60, 59, 69, 68, 52, 53, 52, 51, 51, 51, 56, 52, 53, 57], [155, 88, 1127, 54, 99, 259, 55, 59, 51, 52, 57], [132, 1065, 199, 102, 54, 61, 60, 62, 53, 54, 55, 57, 58, 57, 95, 63, 53], [139, 810, 620], [1106, 60, 137], [1201, 95, 63, 65, 75, 69, 60, 59, 64, 57, 53, 52, 52, 55, 51, 53], [80, 1172, 55, 139, 61, 65, 68, 52]]"
2047          ,6     ,2       ,5          ,10     ,2.7902315,32          ,25004,"[4, 4, 4, 3, 4, 1, 4, 4, 2, 2]"          ,resetting_embedded_distance_based_50,0.25       ,0.05          ,mnist  ,1.05                     ,0.99                       ,"[[1680, 53, 67, 53], [153, 107, 72, 132], [1657, 53, 58, 56], [126, 1595, 55], [108, 54, 66, 56], [61], [51, 53, 63, 53], [55, 54, 53, 55], [1743, 56], [52, 56]]"
1899          ,8     ,6       ,5          ,10     ,3.605195 ,60          ,25000,"[4, 9, 7, 4, 5, 5, 8, 4, 2, 12]"         ,resetting_embedded_distance_based_50,0.25       ,0.05          ,mnist  ,1.05                     ,0.99                       ,"[[120, 89, 137, 197], [249, 69, 74, 82, 93, 61, 87, 153, 219], [85, 105, 77, 95, 100, 56, 159], [94, 155, 89, 292], [89, 126, 89, 103, 264], [124, 86, 97, 88, 237], [90, 119, 82, 56, 63, 53, 54, 215], [127, 106, 95, 267], [114, 371], [114, 375, 66, 88, 60, 89, 95, 89, 96, 59, 300, 173]]"
1267          ,8     ,2       ,5          ,10     ,3.0455158,45          ,25006,"[3, 5, 4, 8, 5, 4, 4, 4, 3, 5]"          ,resetting_embedded_distance_based_50,0.25       ,0.05          ,mnist  ,1.05                     ,0.99                       ,"[[186, 102, 71], [184, 87, 95, 75, 108], [105, 94, 88, 93], [83, 172, 131, 89, 104, 92, 65, 84], [245, 147, 103, 86, 74], [65, 98, 83, 70], [191, 150, 85, 83], [118, 98, 107, 82], [272, 115, 82], [89, 89, 96, 87, 72]]"
3556          ,5     ,2       ,5          ,10     ,2.5395494,152         ,25018,"[16, 20, 9, 10, 21, 12, 19, 11, 9, 25]"  ,resetting_embedded_distance_based_50,0.25       ,0.05          ,mnist  ,1.05                     ,0.99                       ,"[[117, 101, 69, 75, 806, 114, 52, 72, 153, 57, 51, 51, 62, 67, 68, 51], [114, 962, 77, 58, 82, 113, 129, 54, 52, 55, 54, 52, 52, 51, 52, 51, 51, 51, 51, 52], [116, 81, 89, 113, 1028, 88, 81, 81, 52], [118, 96, 876, 109, 51, 173, 72, 134, 51, 79], [160, 67, 821, 146, 75, 172, 55, 65, 56, 53, 59, 86, 57, 53, 52, 51, 54, 51, 57, 51, 61], [90, 359, 512, 304, 70, 51, 51, 52, 59, 101, 57, 51], [116, 97, 63, 77, 318, 152, 691, 51, 56, 57, 53, 51, 51, 52, 56, 52, 118, 54, 83], [100, 115, 842, 303, 52, 52, 56, 69, 62, 115, 64], [143, 99, 848, 261, 120, 51, 51, 88, 51], [134, 101, 84, 588, 337, 111, 56, 54, 295, 65, 61, 53, 52, 52, 51, 53, 53, 62, 52, 65, 53, 57, 52, 60, 179]]"
8838          ,2     ,4       ,5          ,10     ,2.086038 ,36          ,25004,"[4, 5, 3, 4, 5, 3, 3, 3, 3, 3]"          ,resetting_embedded_distance_based_50,0.25       ,0.05          ,mnist  ,1.05                     ,0.99                       ,"[[203, 1328, 99, 86], [190, 966, 103, 201, 84], [1434, 80, 262], [76, 108, 125, 152], [1369, 119, 184, 75, 98], [1090, 296, 79], [225, 135, 76], [121, 210, 131], [1453, 237, 103], [1438, 248, 109]]"
5393          ,4     ,3       ,5          ,10     ,4.1879363,6           ,25046,"[0, 0, 1, 0, 3, 1, 0, 0, 0, 1]"          ,resetting_embedded_distance_based_50,0.25       ,0.05          ,mnist  ,1.05                     ,0.99                       ,"[[], [], [144], [], [181, 219, 173], [379], [], [], [], [80]]"
8792          ,6     ,1       ,5          ,10     ,3.0020077,24          ,25040,"[3, 1, 2, 3, 2, 2, 2, 2, 3, 4]"          ,resetting_embedded_distance_based_50,0.25       ,0.05          ,mnist  ,1.05                     ,0.99                       ,"[[85, 306, 215], [279], [1136, 377], [126, 206, 216], [277, 202], [191, 390], [197, 303], [258, 231], [1233, 240, 244], [89, 217, 88, 347]]"
7513          ,7     ,4       ,5          ,10     ,1.6416476,96          ,25056,"[6, 9, 11, 16, 11, 12, 10, 7, 9, 5]"     ,resetting_embedded_distance_based_50,0.25       ,0.05          ,mnist  ,1.05                     ,0.99                       ,"[[51, 70, 51, 59, 134, 83], [453, 116, 51, 53, 51, 82, 51, 72, 80], [1266, 68, 64, 205, 56, 77, 54, 52, 52, 57, 51], [832, 285, 84, 69, 53, 53, 52, 55, 60, 52, 52, 52, 51, 75, 51, 51], [1279, 63, 51, 51, 51, 52, 51, 51, 51, 91, 116], [62, 56, 66, 72, 105, 132, 61, 51, 61, 55, 52, 68], [723, 92, 65, 60, 115, 81, 59, 56, 134, 60], [966, 72, 60, 56, 79, 145, 100], [64, 57, 78, 57, 88, 57, 91, 151, 52], [889, 409, 55, 135, 153]]"
7041          ,7     ,3       ,5          ,10     ,2.0353968,146         ,25036,"[4, 3, 10, 11, 28, 9, 5, 28, 32, 16]"    ,resetting_embedded_distance_based_50,0.25       ,0.05          ,mnist  ,1.05                     ,0.99                       ,"[[96, 1076, 142, 66], [857, 452, 53], [135, 516, 457, 62, 62, 55, 52, 51, 51, 158], [163, 1145, 90, 52, 51, 51, 51, 51, 106, 51, 84], [127, 113, 753, 58, 56, 56, 57, 56, 57, 59, 52, 502, 51, 51, 51, 69, 52, 51, 51, 51, 52, 51, 52, 62, 51, 51, 51, 53], [135, 115, 504, 656, 52, 51, 51, 110, 172], [128, 871, 53, 405, 196], [106, 1025, 58, 58, 52, 52, 52, 51, 51, 51, 52, 53, 51, 51, 53, 51, 51, 55, 51, 135, 51, 55, 57, 52, 51, 51, 51, 51], [181, 73, 751, 53, 53, 54, 51, 52, 51, 51, 52, 62, 99, 95, 76, 80, 59, 51, 54, 51, 81, 53, 91, 138, 54, 51, 51, 53, 72, 51, 51, 53], [79, 103, 101, 998, 51, 51, 51, 53, 51, 52, 51, 74, 51, 53, 51, 107]]"
7270          ,1     ,3       ,5          ,10     ,2.4076076,136         ,25017,"[23, 13, 14, 13, 14, 12, 10, 13, 11, 13]",resetting_embedded_distance_based_1 ,0.25       ,0.05          ,mnist  ,1.05                     ,0.99                       ,"[[149, 117, 107, 135, 119, 117, 123, 614, 75, 138, 95, 88, 136, 149, 78, 115, 81, 80, 77, 52, 51, 51, 52], [132, 106, 100, 374, 652, 281, 192, 107, 70, 52, 54, 53, 51], [147, 112, 99, 382, 456, 380, 197, 102, 63, 95, 51, 53, 53, 54], [135, 114, 96, 376, 581, 256, 195, 84, 64, 68, 52, 51, 51], [137, 102, 97, 380, 409, 489, 77, 95, 74, 56, 52, 51, 56, 52], [147, 112, 84, 374, 735, 67, 186, 85, 70, 53, 51, 51], [143, 113, 92, 345, 682, 190, 103, 66, 52, 51], [148, 116, 92, 298, 616, 173, 96, 71, 62, 51, 51, 51, 54], [146, 113, 84, 903, 149, 107, 93, 74, 61, 52, 55], [142, 107, 94, 320, 355, 407, 146, 81, 76, 51, 51, 51, 52]]"
860           ,6     ,7       ,5          ,10     ,3.7782803,78          ,25029,"[13, 9, 8, 8, 7, 7, 7, 7, 7, 5]"         ,resetting_embedded_distance_based_1 ,0.25       ,0.05          ,mnist  ,1.05                     ,0.99                       ,"[[211, 126, 132, 858, 215, 119, 117, 134, 90, 89, 65, 116, 72], [1300, 128, 131, 157, 90, 96, 87, 95, 71], [966, 182, 87, 217, 111, 110, 109, 79], [1128, 194, 117, 142, 102, 89, 89, 83], [1014, 218, 160, 117, 75, 106, 86], [917, 196, 180, 81, 123, 109, 96], [1036, 165, 211, 100, 81, 114, 86], [1100, 116, 187, 83, 69, 107, 82], [897, 114, 175, 86, 90, 95, 71], [929, 141, 146, 97, 103]]"
6265          ,4     ,2       ,5          ,10     ,3.2908084,133         ,25046,"[18, 15, 13, 14, 14, 12, 13, 12, 11, 11]",resetting_embedded_distance_based_1 ,0.25       ,0.05          ,mnist  ,1.05                     ,0.99                       ,"[[159, 123, 730, 114, 159, 75, 53, 94, 66, 64, 68, 70, 95, 64, 83, 64, 69, 84], [892, 66, 132, 84, 86, 90, 79, 57, 68, 66, 83, 73, 82, 61, 64], [856, 217, 71, 99, 78, 61, 66, 86, 85, 64, 68, 63, 61], [781, 77, 137, 66, 84, 98, 64, 58, 74, 77, 67, 66, 73, 66], [736, 70, 149, 75, 63, 88, 72, 60, 71, 62, 71, 72, 76, 62], [748, 199, 76, 109, 68, 72, 74, 68, 71, 68, 61, 58], [698, 181, 73, 83, 99, 65, 64, 62, 63, 65, 81, 59, 66], [713, 160, 72, 75, 63, 54, 73, 60, 60, 85, 78, 59], [690, 179, 79, 111, 58, 95, 70, 71, 82, 69, 54], [852, 98, 103, 69, 65, 53, 64, 72, 104, 62, 68]]"
4426          ,9     ,7       ,5          ,10     ,1.8306835,86          ,25001,"[20, 10, 6, 8, 7, 7, 8, 7, 7, 6]"        ,resetting_embedded_distance_based_1 ,0.25       ,0.05          ,mnist  ,1.05                     ,0.99                       ,"[[184, 111, 136, 109, 121, 286, 439, 104, 111, 131, 103, 73, 70, 203, 58, 69, 75, 70, 53, 69], [716, 784, 139, 77, 70, 61, 63, 67, 61, 62], [676, 826, 71, 61, 71, 75], [613, 764, 146, 84, 67, 57, 62, 65], [866, 541, 93, 62, 59, 63, 56], [630, 838, 77, 64, 65, 63, 69], [572, 642, 115, 71, 85, 57, 75, 63], [543, 695, 80, 70, 71, 71, 58], [535, 679, 61, 67, 57, 55, 58], [744, 472, 61, 88, 76, 70]]"
8322          ,9     ,5       ,5          ,10     ,2.4176242,143         ,25065,"[22, 17, 14, 14, 14, 13, 12, 12, 13, 12]",resetting_embedded_distance_based_1 ,0.25       ,0.05          ,mnist  ,1.05                     ,0.99                       ,"[[349, 116, 101, 110, 628, 138, 84, 106, 65, 63, 60, 71, 70, 77, 66, 85, 69, 80, 63, 54, 51, 62], [987, 103, 175, 102, 60, 58, 73, 66, 70, 71, 94, 67, 97, 56, 55, 52, 55], [973, 285, 75, 60, 62, 69, 69, 66, 85, 85, 70, 66, 51, 62], [963, 261, 61, 60, 64, 63, 78, 64, 63, 70, 80, 72, 51, 53], [926, 250, 78, 63, 52, 79, 75, 57, 68, 67, 106, 62, 54, 62], [894, 225, 63, 55, 64, 71, 68, 68, 72, 94, 67, 52, 60], [889, 227, 61, 68, 62, 66, 76, 63, 92, 77, 53, 57], [854, 202, 59, 73, 81, 70, 89, 67, 75, 56, 51, 58], [784, 92, 197, 60, 63, 70, 59, 61, 85, 76, 71, 53, 52], [850, 151, 58, 57, 70, 61, 78, 96, 79, 58, 53, 63]]"
769           ,6     ,7       ,5          ,10     ,3.2082303,7           ,25103,"[7, 0, 0, 0, 0, 0, 0, 0, 0, 0]"          ,resetting_embedded_distance_based_1 ,0.25       ,0.05          ,mnist  ,1.05                     ,0.99                       ,"[[115, 140, 135, 531, 119, 405, 840], [], [], [], [], [], [], [], [], []]"
6949          ,2     ,1       ,5          ,10     ,2.774282 ,136         ,25055,"[21, 14, 13, 14, 12, 13, 12, 13, 13, 11]",resetting_embedded_distance_based_1 ,0.25       ,0.05          ,mnist  ,1.05                     ,0.99                       ,"[[140, 189, 119, 117, 117, 443, 201, 128, 95, 186, 98, 66, 77, 86, 72, 71, 60, 52, 61, 74, 59], [139, 771, 416, 107, 83, 64, 58, 105, 68, 61, 53, 63, 64, 64], [145, 1127, 124, 57, 97, 68, 74, 67, 84, 64, 53, 72, 59], [150, 709, 420, 114, 62, 83, 62, 72, 84, 60, 57, 65, 79, 58], [139, 1112, 101, 86, 66, 83, 74, 77, 58, 53, 69, 53], [138, 1085, 99, 59, 76, 60, 102, 66, 63, 52, 55, 60, 68], [125, 110, 566, 399, 79, 60, 83, 66, 69, 64, 52, 75], [131, 98, 884, 118, 56, 61, 66, 55, 87, 71, 55, 62, 67], [135, 629, 388, 83, 65, 62, 67, 70, 106, 60, 52, 58, 55], [115, 111, 916, 139, 59, 74, 73, 92, 55, 59, 81]]"
5311          ,9     ,4       ,5          ,10     ,1.5948184,182         ,25042,"[28, 18, 19, 21, 16, 16, 18, 14, 17, 15]",resetting_embedded_distance_based_1 ,0.25       ,0.05          ,mnist  ,1.05                     ,0.99                       ,"[[175, 132, 119, 121, 119, 108, 119, 260, 371, 68, 70, 97, 67, 56, 84, 73, 56, 52, 68, 57, 52, 53, 57, 54, 52, 52, 51, 51], [198, 868, 58, 74, 79, 77, 86, 78, 53, 57, 60, 56, 53, 57, 53, 51, 52, 52], [198, 856, 83, 65, 66, 73, 92, 75, 54, 55, 78, 55, 51, 57, 52, 51, 51, 52, 51], [196, 836, 60, 81, 91, 69, 64, 79, 60, 65, 60, 70, 54, 51, 53, 58, 52, 51, 52, 51, 52], [181, 857, 66, 93, 65, 80, 84, 68, 61, 57, 59, 52, 59, 54, 54, 52], [181, 840, 68, 59, 82, 63, 61, 100, 60, 75, 62, 58, 55, 53, 51, 53], [203, 724, 68, 69, 72, 59, 65, 90, 55, 54, 58, 54, 52, 56, 53, 51, 52, 53], [198, 719, 68, 90, 66, 68, 89, 55, 61, 54, 51, 52, 52, 53], [195, 718, 85, 76, 64, 56, 89, 68, 51, 56, 77, 57, 52, 56, 52, 52, 54], [197, 734, 76, 95, 70, 57, 98, 53, 59, 55, 54, 53, 54, 51, 51]]"
1184          ,2     ,9       ,5          ,10     ,2.7266335,33          ,25083,"[8, 2, 4, 3, 4, 3, 3, 2, 2, 2]"          ,resetting_embedded_distance_based_1 ,0.25       ,0.05          ,mnist  ,1.05                     ,0.99                       ,"[[299, 116, 132, 147, 1082, 231, 123, 202], [1591, 197], [219, 1261, 188, 187], [218, 1275, 296], [188, 1229, 235, 242], [581, 904, 298], [1375, 189, 167], [1449, 201], [1271, 298], [200, 1172]]"
6396          ,4     ,8       ,5          ,10     ,2.6201591,88          ,25097,"[17, 9, 7, 7, 10, 8, 8, 7, 8, 7]"        ,resetting_embedded_distance_based_1 ,0.25       ,0.05          ,mnist  ,1.05                     ,0.99                       ,"[[105, 106, 116, 487, 100, 104, 247, 86, 128, 90, 188, 127, 77, 264, 97, 88, 72], [1086, 222, 115, 139, 148, 318, 67, 64, 69], [154, 122, 114, 152, 329, 89, 67], [145, 106, 132, 157, 245, 79, 62], [937, 93, 116, 126, 98, 146, 239, 75, 90, 52], [185, 143, 137, 111, 270, 63, 89, 64], [856, 132, 109, 144, 97, 240, 98, 66], [181, 117, 137, 278, 87, 82, 61], [148, 100, 92, 145, 231, 74, 71, 55], [810, 160, 136, 138, 278, 91, 56]]"
8666          ,1     ,9       ,5          ,10     ,2.6527565,122         ,25014,"[22, 14, 13, 10, 14, 9, 11, 9, 10, 10]"  ,resetting_embedded_distance_based_1 ,0.25       ,0.05          ,mnist  ,1.05                     ,0.99                       ,"[[121, 153, 128, 125, 139, 611, 138, 89, 175, 93, 69, 74, 77, 73, 68, 72, 68, 64, 60, 56, 64, 73], [115, 917, 173, 191, 85, 69, 76, 116, 65, 65, 88, 58, 56, 60], [114, 1051, 168, 80, 89, 71, 95, 80, 63, 75, 57, 60, 60], [122, 1204, 101, 62, 92, 75, 84, 58, 57, 66], [114, 793, 360, 83, 70, 92, 84, 55, 63, 68, 93, 54, 59, 57], [129, 810, 352, 150, 96, 70, 90, 57, 57], [111, 1009, 78, 76, 114, 82, 61, 64, 92, 58, 57], [118, 1018, 72, 96, 82, 70, 89, 56, 59], [130, 1030, 76, 82, 87, 76, 69, 92, 63, 55], [122, 1022, 147, 78, 57, 67, 61, 58, 52, 61]]"
2047          ,6     ,2       ,5          ,10     ,2.7902315,47          ,25004,"[13, 4, 5, 5, 5, 3, 2, 5, 3, 2]"         ,resetting_embedded_distance_based_1 ,0.25       ,0.05          ,mnist  ,1.05                     ,0.99                       ,"[[140, 118, 113, 921, 348, 188, 128, 76, 69, 65, 51, 56, 52], [1702, 91, 52, 57], [1632, 74, 63, 56, 61], [1636, 56, 65, 57, 56], [1522, 87, 56, 53, 54], [68, 55, 65], [79, 57], [1365, 86, 59, 64, 68], [1399, 114, 63], [1446, 58]]"
1899          ,8     ,6       ,5          ,10     ,3.605195 ,75          ,25000,"[32, 6, 6, 4, 5, 6, 3, 5, 4, 4]"         ,resetting_embedded_distance_based_1 ,0.25       ,0.05          ,mnist  ,1.05                     ,0.99                       ,"[[106, 86, 100, 562, 144, 96, 150, 118, 294, 88, 70, 63, 80, 88, 77, 76, 66, 61, 61, 59, 64, 73, 75, 104, 116, 92, 71, 80, 84, 73, 63, 69], [82, 104, 99, 103, 184, 92], [91, 110, 80, 95, 89, 234], [100, 107, 96, 114], [124, 111, 108, 102, 195], [93, 107, 96, 114, 125, 145], [118, 111, 94], [133, 111, 108, 123, 177], [117, 96, 102, 312], [109, 101, 75, 106]]"
1267          ,8     ,2       ,5          ,10     ,3.0455158,55          ,25006,"[12, 6, 5, 5, 6, 6, 4, 3, 4, 4]"         ,resetting_embedded_distance_based_1 ,0.25       ,0.05          ,mnist  ,1.05                     ,0.99                       ,"[[168, 104, 106, 922, 95, 381, 147, 116, 95, 77, 60, 100], [155, 128, 118, 82, 71, 73], [243, 104, 95, 96, 75], [131, 105, 83, 72, 95], [114, 122, 121, 110, 92, 87], [136, 85, 101, 100, 71, 73], [163, 138, 76, 76], [139, 87, 83], [110, 89, 89, 79], [205, 108, 112, 82]]"
3556          ,5     ,2       ,5          ,10     ,2.5395494,150         ,25018,"[21, 16, 15, 15, 14, 14, 14, 15, 13, 13]",resetting_embedded_distance_based_1 ,0.25       ,0.05          ,mnist  ,1.05                     ,0.99                       ,"[[104, 122, 146, 118, 116, 103, 649, 159, 173, 78, 104, 57, 70, 60, 63, 82, 58, 66, 59, 58, 68], [103, 116, 949, 131, 131, 64, 94, 71, 56, 60, 69, 79, 58, 56, 56, 64], [107, 104, 727, 322, 96, 129, 109, 80, 64, 60, 90, 63, 61, 56, 68], [112, 109, 1060, 148, 103, 65, 67, 65, 56, 66, 74, 54, 55, 58, 65], [101, 106, 886, 166, 124, 86, 72, 63, 61, 69, 57, 68, 57, 62], [101, 103, 853, 155, 159, 65, 87, 69, 58, 61, 61, 65, 60, 56], [104, 128, 817, 137, 123, 89, 61, 61, 61, 70, 62, 51, 59, 65], [101, 113, 873, 111, 67, 95, 64, 55, 59, 58, 61, 69, 58, 55, 56], [109, 101, 896, 120, 63, 80, 64, 59, 65, 81, 60, 55, 64], [94, 109, 736, 182, 137, 108, 65, 59, 74, 58, 64, 52, 57]]"
8838          ,2     ,4       ,5          ,10     ,2.086038 ,47          ,25004,"[13, 4, 4, 4, 4, 4, 4, 4, 3, 3]"         ,resetting_embedded_distance_based_1 ,0.25       ,0.05          ,mnist  ,1.05                     ,0.99                       ,"[[141, 119, 122, 122, 122, 823, 105, 175, 113, 130, 178, 150, 108], [1434, 127, 221, 127], [1426, 162, 237, 106], [1340, 155, 171, 113], [1340, 121, 186, 114], [1239, 120, 166, 86], [1149, 165, 184, 81], [1191, 134, 110, 168], [1122, 137, 133], [1150, 182, 102]]"
5393          ,4     ,3       ,5          ,10     ,4.1879363,11          ,25046,"[9, 1, 1, 0, 0, 0, 0, 0, 0, 0]"          ,resetting_embedded_distance_based_1 ,0.25       ,0.05          ,mnist  ,1.05                     ,0.99                       ,"[[120, 125, 777, 151, 199, 277, 166, 223, 235], [176], [173], [], [], [], [], [], [], []]"
8792          ,6     ,1       ,5          ,10     ,3.0020077,26          ,25040,"[6, 3, 2, 2, 2, 3, 2, 2, 2, 2]"          ,resetting_embedded_distance_based_1 ,0.25       ,0.05          ,mnist  ,1.05                     ,0.99                       ,"[[128, 112, 947, 178, 253, 289], [122, 226, 282], [231, 256], [262, 300], [279, 241], [1091, 253, 199], [257, 335], [279, 297], [262, 282], [274, 247]]"
7513          ,7     ,4       ,5          ,10     ,1.6416476,106         ,25056,"[20, 10, 10, 12, 9, 9, 10, 8, 9, 9]"     ,resetting_embedded_distance_based_1 ,0.25       ,0.05          ,mnist  ,1.05                     ,0.99                       ,"[[114, 122, 113, 114, 107, 557, 116, 116, 168, 116, 77, 93, 68, 70, 89, 67, 67, 56, 63, 67], [66, 91, 70, 65, 83, 66, 72, 84, 82, 72], [272, 99, 88, 57, 73, 63, 82, 113, 59, 62], [93, 82, 71, 74, 58, 67, 67, 71, 60, 80, 66, 59], [67, 76, 65, 59, 74, 69, 85, 58, 62], [63, 79, 83, 70, 76, 90, 56, 80, 62], [76, 84, 68, 58, 74, 56, 78, 59, 67, 60], [82, 65, 76, 95, 82, 53, 77, 56], [78, 63, 76, 79, 63, 64, 71, 62, 71], [66, 87, 68, 64, 72, 65, 81, 72, 58]]"
7041          ,7     ,3       ,5          ,10     ,2.0353968,162         ,25036,"[26, 18, 17, 14, 14, 16, 15, 16, 13, 13]",resetting_embedded_distance_based_1 ,0.25       ,0.05          ,mnist  ,1.05                     ,0.99                       ,"[[145, 179, 120, 118, 121, 117, 206, 160, 123, 90, 90, 102, 94, 77, 78, 68, 81, 77, 55, 71, 87, 66, 75, 64, 69, 66], [109, 105, 787, 125, 207, 124, 66, 74, 70, 66, 65, 60, 56, 66, 69, 57, 63, 54], [119, 98, 795, 153, 220, 123, 61, 85, 59, 60, 66, 63, 62, 68, 66, 75, 70], [120, 110, 712, 148, 250, 81, 90, 64, 63, 65, 73, 80, 62, 54], [109, 843, 316, 70, 73, 66, 73, 53, 58, 77, 68, 60, 51, 60], [119, 130, 655, 115, 192, 131, 52, 88, 56, 53, 60, 70, 62, 72, 60, 67], [116, 108, 667, 90, 251, 76, 65, 62, 61, 58, 66, 56, 52, 66, 61], [119, 102, 610, 102, 165, 121, 80, 57, 55, 63, 60, 57, 51, 67, 63, 61], [109, 94, 661, 277, 89, 80, 59, 60, 58, 73, 62, 58, 68], [111, 107, 647, 90, 239, 61, 69, 67, 67, 58, 70, 51, 63]]"
