original_index,y_orig,y_target,n_particles,n_nodes,distance           ,n_detections,calls,detections_per_node                       ,distribution_scheme                 ,source_step,spherical_step,dataset,source_step_multiplier_up,source_step_multiplier_down,detections_all
7270          ,9     ,3       ,5          ,5      ,0.8509695354879214 ,249         ,25026,"[49, 51, 53, 48, 48]"                    ,resetting_embedded_distance_based_20,0.2        ,0.05          ,cifar  ,1.05                     ,0.99                       ,"[[121, 101, 312, 332, 409, 146, 145, 176, 178, 91, 118, 95, 77, 81, 73, 51, 51, 51, 52, 54, 51, 59, 51, 52, 53, 51, 51, 56, 59, 51, 56, 51, 51, 51, 51, 58, 51, 52, 52, 52, 55, 51, 54, 51, 51, 54, 54, 52, 51], [335, 119, 103, 75, 282, 334, 244, 508, 171, 110, 96, 74, 78, 96, 84, 77, 54, 51, 53, 51, 53, 51, 51, 51, 51, 52, 52, 59, 51, 59, 54, 51, 58, 51, 51, 56, 51, 51, 51, 56, 53, 52, 51, 54, 54, 51, 51, 51, 51, 54, 54], [179, 81, 165, 83, 290, 291, 690, 128, 97, 119, 97, 113, 75, 71, 52, 52, 51, 51, 51, 52, 52, 51, 52, 51, 51, 51, 52, 51, 52, 52, 56, 52, 51, 54, 51, 51, 51, 52, 51, 51, 53, 51, 51, 51, 51, 51, 51, 51, 52, 53, 53, 52, 51], [108, 78, 234, 358, 770, 156, 128, 89, 112, 81, 88, 67, 71, 63, 51, 58, 51, 53, 52, 51, 53, 51, 61, 52, 54, 52, 52, 51, 51, 55, 53, 52, 51, 51, 51, 53, 52, 51, 51, 56, 51, 54, 51, 51, 51, 51, 51, 51], [171, 87, 136, 260, 302, 322, 551, 146, 113, 122, 102, 68, 52, 51, 55, 51, 51, 51, 51, 51, 51, 53, 51, 51, 52, 51, 60, 51, 58, 57, 51, 51, 52, 51, 53, 51, 51, 51, 52, 51, 52, 51, 54, 51, 55, 51, 51, 51]]"
7270          ,9     ,3       ,5          ,10     ,0.8509695354879214 ,224         ,25026,"[21, 23, 23, 24, 20, 22, 23, 23, 23, 22]",resetting_embedded_distance_based_20,0.2        ,0.05          ,cifar  ,1.05                     ,0.99                       ,"[[209, 620, 128, 117, 51, 52, 52, 52, 51, 51, 58, 58, 52, 51, 51, 52, 53, 51, 52, 51, 60], [106, 395, 404, 91, 86, 53, 51, 52, 57, 51, 51, 53, 51, 55, 51, 51, 52, 53, 63, 51, 52, 51, 51], [309, 520, 96, 77, 68, 63, 51, 51, 51, 51, 51, 51, 55, 51, 52, 51, 54, 52, 54, 54, 56, 51, 51], [142, 160, 417, 303, 147, 74, 66, 53, 51, 51, 51, 51, 53, 60, 51, 53, 53, 51, 51, 55, 51, 52, 51, 51], [246, 429, 377, 131, 69, 52, 57, 51, 51, 51, 52, 62, 54, 59, 53, 52, 55, 51, 53, 51], [326, 520, 152, 66, 67, 51, 52, 53, 52, 51, 63, 52, 51, 51, 54, 52, 51, 55, 51, 51, 53, 55], [128, 73, 258, 555, 110, 80, 53, 51, 51, 51, 54, 51, 74, 53, 51, 51, 51, 54, 52, 51, 51, 57, 53], [317, 548, 79, 98, 69, 51, 51, 51, 51, 51, 53, 54, 51, 51, 51, 51, 51, 57, 51, 52, 54, 51, 52], [234, 396, 258, 113, 88, 54, 53, 51, 55, 54, 54, 51, 62, 51, 51, 51, 51, 52, 51, 51, 51, 58, 51], [293, 504, 107, 90, 70, 58, 51, 51, 57, 51, 54, 51, 55, 54, 51, 51, 52, 52, 53, 51, 51, 51]]"
860           ,4     ,7       ,5          ,5      ,0.17484054437409285,148         ,25014,"[47, 26, 25, 24, 26]"                    ,resetting_embedded_distance_based_20,0.2        ,0.05          ,cifar  ,1.05                     ,0.99                       ,"[[92, 193, 105, 212, 325, 115, 83, 118, 69, 69, 83, 83, 135, 119, 142, 124, 112, 101, 76, 75, 66, 63, 143, 105, 183, 106, 116, 103, 107, 106, 95, 104, 98, 107, 106, 154, 164, 238, 119, 88, 90, 105, 108, 99, 140, 162, 103], [315, 143, 414, 91, 85, 99, 99, 66, 76, 75, 88, 80, 113, 94, 96, 141, 77, 61, 57, 55, 53, 56, 62, 58, 122, 1482], [258, 94, 411, 90, 121, 77, 88, 70, 100, 79, 69, 72, 70, 134, 124, 110, 85, 73, 73, 69, 83, 84, 72, 57, 145], [171, 155, 220, 89, 100, 98, 138, 86, 63, 89, 121, 97, 107, 82, 91, 83, 88, 76, 74, 62, 56, 51, 81, 1474], [395, 127, 316, 226, 171, 94, 144, 90, 66, 119, 121, 97, 75, 106, 91, 78, 55, 52, 51, 52, 53, 54, 54, 121, 76, 1536]]"
860           ,4     ,7       ,5          ,10     ,0.17484054437409285,115         ,25014,"[27, 9, 10, 10, 11, 11, 11, 7, 10, 9]"   ,resetting_embedded_distance_based_20,0.2        ,0.05          ,cifar  ,1.05                     ,0.99                       ,"[[98, 130, 68, 143, 109, 146, 58, 53, 56, 287, 73, 82, 72, 78, 72, 63, 96, 104, 105, 111, 77, 74, 86, 69, 78, 84, 86], [329, 140, 70, 186, 134, 77, 71, 51, 94], [404, 109, 71, 135, 117, 94, 73, 71, 52, 144], [384, 107, 72, 154, 89, 94, 62, 52, 59, 153], [324, 100, 84, 71, 157, 99, 88, 66, 65, 51, 112], [342, 128, 92, 104, 111, 90, 73, 68, 53, 58, 147], [465, 115, 59, 136, 90, 77, 89, 56, 54, 51, 189], [153, 164, 112, 111, 75, 83, 195], [358, 93, 66, 97, 121, 95, 68, 78, 61, 56], [406, 118, 82, 127, 108, 67, 103, 62, 131]]"
5734          ,6     ,9       ,5          ,5      ,1.2077830268753034 ,126         ,25009,"[41, 19, 22, 23, 21]"                    ,resetting_embedded_distance_based_20,0.2        ,0.05          ,cifar  ,1.05                     ,0.99                       ,"[[177, 108, 890, 157, 175, 164, 61, 57, 55, 70, 117, 70, 66, 59, 67, 59, 258, 154, 97, 91, 62, 54, 60, 82, 86, 120, 73, 80, 89, 87, 90, 91, 96, 144, 87, 85, 95, 255, 142, 132, 105], [1199, 113, 200, 114, 76, 59, 59, 62, 108, 73, 60, 59, 63, 208, 124, 190, 108, 75, 176], [1077, 86, 169, 81, 84, 60, 62, 55, 69, 81, 67, 72, 74, 56, 61, 170, 165, 130, 85, 52, 56, 155], [1165, 202, 134, 64, 60, 63, 54, 110, 73, 70, 62, 60, 56, 205, 189, 133, 74, 60, 109, 66, 80, 106, 115], [1169, 148, 137, 101, 75, 63, 58, 92, 57, 80, 76, 60, 56, 57, 266, 122, 133, 74, 59, 142, 169]]"
5734          ,6     ,9       ,5          ,10     ,1.2077830268753034 ,85          ,25009,"[23, 7, 6, 8, 6, 6, 8, 7, 8, 6]"         ,resetting_embedded_distance_based_20,0.2        ,0.05          ,cifar  ,1.05                     ,0.99                       ,"[[66, 61, 73, 160, 229, 69, 69, 60, 72, 81, 73, 68, 70, 74, 77, 96, 74, 77, 73, 147, 122, 84, 73], [815, 59, 103, 68, 52, 177, 194], [73, 98, 71, 57, 116, 210], [56, 103, 71, 61, 90, 219, 82, 127], [63, 97, 68, 118, 233, 169], [58, 106, 65, 55, 205, 150], [720, 56, 105, 65, 63, 241, 99, 137], [771, 65, 96, 67, 66, 218, 124], [718, 64, 97, 77, 60, 276, 65, 162], [60, 109, 61, 61, 221, 104]]"
466           ,4     ,6       ,5          ,5      ,1.2128382997724727 ,207         ,25005,"[49, 35, 42, 40, 41]"                    ,resetting_embedded_distance_based_20,0.2        ,0.05          ,cifar  ,1.05                     ,0.99                       ,"[[105, 108, 109, 101, 95, 88, 98, 103, 114, 130, 119, 97, 322, 480, 165, 131, 147, 126, 129, 101, 224, 125, 80, 81, 104, 117, 97, 56, 64, 54, 51, 51, 51, 55, 53, 51, 58, 87, 70, 83, 75, 75, 74, 51, 64, 65, 87, 64, 64], [90, 73, 106, 115, 89, 62, 102, 74, 619, 919, 166, 124, 72, 114, 105, 76, 64, 53, 51, 51, 51, 51, 66, 69, 73, 83, 74, 75, 83, 69, 82, 57, 55, 69, 96], [122, 98, 124, 118, 88, 71, 70, 81, 82, 77, 64, 94, 90, 435, 926, 162, 164, 98, 113, 118, 97, 67, 59, 51, 51, 51, 51, 51, 69, 65, 78, 64, 69, 69, 61, 86, 78, 71, 75, 51, 99, 71], [113, 60, 70, 132, 78, 106, 114, 93, 100, 353, 990, 199, 140, 84, 73, 132, 116, 66, 53, 53, 60, 51, 51, 51, 53, 57, 68, 91, 74, 55, 65, 60, 89, 80, 68, 67, 59, 85, 66, 75], [93, 138, 81, 91, 95, 94, 106, 82, 70, 526, 715, 134, 140, 191, 105, 93, 128, 149, 87, 56, 54, 52, 52, 51, 51, 65, 70, 83, 72, 63, 54, 52, 88, 65, 59, 65, 51, 51, 75, 69, 61]]"
466           ,4     ,6       ,5          ,10     ,1.2128382997724727 ,184         ,25005,"[24, 19, 16, 19, 19, 16, 18, 16, 19, 18]",resetting_embedded_distance_based_20,0.2        ,0.05          ,cifar  ,1.05                     ,0.99                       ,"[[102, 77, 86, 68, 97, 82, 102, 84, 479, 236, 116, 167, 112, 108, 57, 52, 51, 53, 63, 95, 83, 73, 72, 104], [77, 76, 114, 74, 90, 659, 260, 122, 111, 87, 60, 51, 63, 74, 70, 69, 73, 68, 71], [115, 90, 576, 392, 144, 93, 61, 53, 51, 51, 55, 70, 69, 71, 66, 70], [97, 101, 87, 131, 103, 434, 509, 55, 108, 66, 52, 51, 65, 73, 74, 70, 68, 80, 52], [100, 104, 108, 72, 651, 263, 137, 106, 64, 51, 52, 51, 64, 74, 86, 68, 80, 57, 91], [118, 82, 354, 546, 154, 59, 51, 51, 53, 62, 81, 74, 67, 76, 57, 60], [108, 84, 83, 113, 123, 220, 690, 132, 51, 51, 51, 57, 52, 78, 81, 87, 68, 93], [120, 84, 90, 241, 695, 145, 71, 51, 51, 55, 67, 81, 58, 80, 72, 101], [123, 101, 83, 78, 83, 362, 580, 77, 151, 62, 51, 64, 56, 74, 56, 82, 79, 61, 74], [111, 91, 59, 113, 606, 318, 68, 114, 80, 52, 51, 64, 70, 64, 59, 89, 68, 91]]"
4426          ,0     ,7       ,5          ,5      ,2.374155855194012  ,335         ,25042,"[67, 64, 64, 68, 72]"                    ,resetting_embedded_distance_based_20,0.2        ,0.05          ,cifar  ,1.05                     ,0.99                       ,"[[89, 120, 176, 77, 73, 67, 54, 51, 71, 60, 59, 68, 206, 138, 112, 67, 80, 75, 63, 72, 56, 59, 63, 88, 65, 54, 66, 51, 58, 51, 59, 51, 51, 51, 51, 51, 53, 52, 51, 51, 51, 53, 51, 51, 51, 51, 51, 51, 51, 51, 51, 51, 51, 52, 51, 51, 51, 51, 53, 51, 52, 59, 55, 57, 59, 53, 54], [188, 74, 69, 63, 71, 64, 66, 53, 161, 172, 129, 96, 70, 84, 70, 69, 55, 62, 62, 79, 79, 63, 58, 68, 55, 61, 51, 51, 52, 51, 51, 51, 52, 51, 54, 52, 53, 51, 54, 51, 51, 51, 51, 51, 51, 51, 51, 51, 51, 52, 51, 51, 51, 51, 51, 51, 51, 58, 52, 52, 53, 51, 57, 63], [105, 139, 107, 100, 76, 60, 73, 61, 70, 183, 127, 105, 79, 80, 66, 85, 76, 67, 61, 69, 83, 74, 56, 52, 63, 56, 63, 51, 53, 51, 51, 51, 51, 51, 55, 65, 54, 52, 52, 54, 51, 52, 51, 51, 51, 51, 51, 51, 51, 51, 51, 51, 51, 51, 51, 51, 51, 52, 52, 61, 58, 57, 63, 56], [166, 111, 57, 73, 58, 55, 65, 61, 51, 61, 56, 125, 145, 137, 77, 131, 78, 76, 80, 64, 68, 57, 54, 66, 80, 71, 58, 53, 69, 58, 51, 51, 53, 52, 51, 51, 51, 51, 61, 53, 51, 51, 51, 51, 51, 51, 55, 51, 51, 51, 51, 51, 51, 51, 51, 51, 51, 51, 51, 51, 51, 53, 59, 58, 52, 53, 62, 58], [146, 142, 64, 90, 72, 67, 51, 64, 67, 65, 56, 179, 52, 122, 115, 97, 108, 63, 57, 63, 58, 59, 56, 58, 69, 72, 55, 51, 68, 59, 56, 51, 61, 52, 51, 51, 51, 51, 51, 51, 51, 51, 56, 51, 51, 52, 51, 51, 52, 51, 51, 51, 51, 52, 51, 51, 52, 54, 51, 51, 51, 52, 51, 51, 51, 51, 56, 51, 53, 56, 60, 62]]"
4426          ,0     ,7       ,5          ,10     ,2.374155855194012  ,325         ,25042,"[32, 32, 33, 31, 34, 33, 32, 33, 32, 33]",resetting_embedded_distance_based_20,0.2        ,0.05          ,cifar  ,1.05                     ,0.99                       ,"[[75, 53, 53, 71, 167, 108, 101, 58, 61, 69, 60, 65, 57, 52, 51, 52, 53, 51, 51, 51, 51, 52, 51, 51, 51, 51, 51, 51, 51, 56, 57, 58], [172, 72, 61, 161, 96, 80, 65, 60, 54, 67, 59, 66, 53, 52, 51, 51, 51, 51, 51, 51, 51, 51, 51, 51, 51, 51, 51, 51, 51, 59, 55, 57], [95, 57, 63, 52, 138, 133, 92, 67, 58, 61, 56, 82, 56, 53, 51, 55, 51, 52, 53, 51, 51, 52, 51, 51, 51, 52, 51, 51, 52, 51, 52, 53, 58], [96, 65, 65, 104, 126, 96, 72, 72, 67, 71, 70, 52, 51, 53, 51, 51, 51, 51, 51, 51, 51, 52, 51, 51, 51, 51, 51, 52, 51, 53, 59], [130, 73, 75, 59, 62, 51, 54, 199, 99, 64, 72, 57, 84, 52, 69, 58, 51, 51, 51, 51, 51, 51, 52, 51, 51, 51, 51, 51, 51, 52, 51, 51, 73, 59], [142, 74, 63, 54, 182, 81, 71, 72, 58, 69, 59, 58, 54, 51, 51, 52, 51, 57, 51, 51, 52, 51, 51, 51, 51, 51, 51, 51, 51, 51, 58, 52, 59], [84, 67, 57, 63, 60, 124, 118, 73, 75, 64, 67, 85, 62, 58, 52, 51, 51, 51, 51, 52, 51, 51, 52, 51, 51, 51, 52, 51, 52, 51, 57, 54], [94, 65, 66, 60, 52, 53, 165, 112, 72, 73, 64, 60, 74, 53, 72, 52, 51, 51, 51, 51, 53, 52, 51, 51, 51, 51, 54, 51, 51, 52, 65, 51, 57], [74, 74, 53, 54, 139, 145, 67, 79, 55, 71, 75, 69, 59, 51, 54, 51, 51, 51, 51, 51, 51, 51, 51, 51, 52, 51, 51, 51, 59, 51, 60, 58], [68, 69, 56, 85, 166, 130, 97, 60, 51, 71, 59, 56, 53, 51, 51, 53, 51, 52, 52, 51, 54, 52, 52, 51, 51, 51, 51, 51, 53, 51, 51, 57, 57]]"
8322          ,4     ,5       ,5          ,5      ,0.4691573019775455 ,314         ,25004,"[75, 61, 56, 61, 61]"                    ,resetting_embedded_distance_based_20,0.2        ,0.05          ,cifar  ,1.05                     ,0.99                       ,"[[273, 56, 53, 54, 55, 64, 161, 116, 55, 52, 60, 67, 74, 100, 84, 60, 71, 108, 72, 57, 69, 73, 76, 53, 59, 62, 58, 54, 51, 57, 53, 52, 52, 56, 54, 52, 56, 51, 51, 52, 51, 52, 55, 51, 51, 53, 52, 56, 55, 55, 61, 57, 164, 55, 84, 104, 98, 74, 67, 69, 85, 63, 72, 78, 78, 79, 76, 84, 81, 85, 85, 88, 87, 93, 92], [202, 52, 54, 61, 56, 55, 71, 63, 59, 116, 87, 78, 59, 57, 52, 58, 58, 80, 79, 76, 89, 78, 83, 82, 56, 70, 61, 59, 67, 60, 63, 56, 53, 55, 55, 54, 55, 58, 52, 53, 51, 53, 57, 53, 52, 51, 52, 51, 53, 52, 51, 54, 53, 54, 58, 63, 82, 152, 141, 91, 82], [171, 60, 56, 51, 53, 53, 56, 133, 136, 69, 57, 54, 62, 61, 57, 84, 89, 54, 77, 58, 91, 70, 70, 82, 70, 57, 57, 57, 66, 53, 56, 52, 54, 52, 53, 52, 52, 52, 51, 51, 52, 54, 51, 51, 52, 52, 52, 55, 53, 58, 60, 57, 133, 153, 91, 82], [55, 54, 56, 57, 52, 57, 63, 141, 94, 61, 54, 54, 78, 55, 69, 79, 66, 70, 79, 58, 68, 68, 59, 66, 63, 63, 59, 65, 57, 53, 55, 52, 55, 57, 52, 52, 52, 51, 55, 52, 52, 53, 53, 59, 52, 54, 53, 52, 52, 51, 51, 52, 55, 51, 57, 54, 57, 56, 104, 168, 120], [325, 51, 54, 54, 57, 71, 93, 98, 137, 52, 58, 60, 52, 71, 80, 71, 80, 78, 64, 67, 75, 66, 61, 68, 84, 65, 70, 59, 61, 59, 52, 53, 52, 52, 51, 55, 51, 53, 54, 51, 55, 52, 52, 52, 52, 54, 52, 51, 53, 53, 53, 59, 59, 56, 91, 143, 126, 60, 71, 84, 80]]"
8322          ,4     ,5       ,5          ,10     ,0.4691573019775455 ,288         ,25004,"[43, 28, 27, 28, 28, 25, 29, 26, 28, 26]",resetting_embedded_distance_based_20,0.2        ,0.05          ,cifar  ,1.05                     ,0.99                       ,"[[66, 53, 53, 147, 57, 76, 94, 75, 68, 53, 71, 78, 62, 59, 55, 53, 54, 55, 54, 58, 52, 52, 53, 57, 77, 134, 70, 51, 53, 60, 68, 77, 74, 62, 62, 62, 65, 65, 66, 71, 69, 68, 69], [135, 61, 57, 103, 118, 53, 58, 62, 107, 98, 78, 89, 70, 52, 58, 53, 51, 53, 51, 53, 54, 52, 53, 53, 52, 56, 55, 149], [51, 77, 114, 61, 66, 95, 91, 66, 83, 54, 58, 53, 56, 53, 51, 56, 54, 53, 55, 54, 55, 52, 52, 54, 60, 170, 132], [53, 53, 54, 111, 71, 66, 84, 122, 104, 73, 59, 63, 53, 67, 53, 53, 55, 53, 53, 54, 53, 51, 52, 53, 58, 54, 104, 161], [54, 59, 141, 53, 66, 59, 75, 73, 71, 55, 56, 77, 58, 58, 53, 52, 52, 53, 53, 54, 54, 52, 55, 53, 55, 55, 122, 153], [55, 61, 154, 57, 67, 95, 82, 81, 57, 83, 55, 56, 54, 52, 53, 52, 51, 52, 51, 54, 51, 55, 60, 98, 154], [61, 60, 60, 137, 106, 51, 54, 70, 85, 68, 81, 66, 79, 64, 56, 54, 51, 58, 53, 53, 51, 51, 52, 51, 52, 53, 59, 108, 157], [56, 196, 51, 57, 107, 89, 80, 55, 82, 68, 62, 53, 55, 57, 51, 52, 51, 54, 51, 52, 51, 52, 56, 59, 132, 136], [60, 59, 53, 171, 52, 59, 62, 93, 93, 64, 77, 58, 58, 53, 55, 56, 53, 52, 52, 52, 51, 51, 51, 53, 55, 60, 99, 144], [56, 58, 155, 59, 66, 86, 62, 55, 88, 75, 60, 58, 55, 53, 56, 53, 54, 52, 51, 51, 53, 52, 56, 57, 81, 176]]"
769           ,4     ,7       ,5          ,5      ,0.6642945130028766 ,262         ,25030,"[51, 52, 54, 55, 50]"                    ,resetting_embedded_distance_based_20,0.2        ,0.05          ,cifar  ,1.05                     ,0.99                       ,"[[184, 243, 146, 157, 176, 143, 81, 116, 147, 116, 98, 88, 111, 90, 76, 74, 76, 59, 58, 68, 51, 63, 51, 57, 53, 56, 51, 51, 51, 51, 51, 52, 51, 51, 51, 51, 51, 52, 51, 52, 51, 51, 51, 51, 51, 51, 51, 51, 51, 51, 52], [186, 282, 236, 140, 122, 70, 158, 97, 76, 90, 88, 93, 87, 110, 65, 97, 76, 58, 53, 59, 55, 54, 53, 51, 53, 51, 52, 52, 51, 51, 51, 51, 51, 51, 51, 52, 51, 51, 51, 51, 51, 52, 52, 51, 51, 51, 51, 52, 51, 51, 51, 51], [113, 228, 198, 245, 126, 122, 130, 133, 71, 113, 88, 77, 85, 112, 122, 79, 73, 64, 59, 52, 52, 58, 51, 51, 51, 51, 51, 51, 51, 51, 51, 53, 51, 51, 51, 52, 51, 51, 51, 51, 51, 51, 51, 54, 51, 51, 51, 51, 51, 51, 51, 51, 51, 51], [218, 171, 157, 174, 257, 126, 118, 99, 129, 88, 119, 102, 111, 91, 103, 83, 73, 57, 58, 61, 63, 51, 56, 62, 58, 51, 68, 51, 51, 54, 51, 51, 52, 51, 51, 52, 51, 51, 51, 51, 51, 51, 51, 51, 51, 51, 52, 51, 52, 51, 53, 51, 51, 51, 51], [287, 240, 235, 267, 128, 141, 105, 130, 115, 111, 110, 119, 83, 81, 83, 74, 63, 59, 69, 51, 55, 51, 51, 51, 51, 51, 53, 51, 51, 51, 51, 51, 51, 52, 51, 51, 54, 51, 51, 51, 53, 52, 51, 51, 51, 51, 51, 51, 51, 51]]"
769           ,4     ,7       ,5          ,10     ,0.6642945130028766 ,242         ,25030,"[26, 28, 21, 25, 24, 23, 23, 23, 24, 25]",resetting_embedded_distance_based_20,0.2        ,0.05          ,cifar  ,1.05                     ,0.99                       ,"[[178, 320, 185, 141, 113, 97, 74, 54, 62, 60, 57, 51, 52, 51, 51, 51, 51, 51, 51, 51, 53, 51, 51, 51, 51, 51], [164, 217, 71, 115, 132, 111, 96, 66, 64, 61, 64, 61, 51, 51, 52, 51, 52, 51, 51, 51, 51, 51, 51, 51, 51, 51, 51, 52], [335, 172, 136, 107, 100, 85, 56, 53, 59, 54, 51, 51, 51, 51, 51, 51, 51, 51, 51, 51, 51], [266, 301, 69, 71, 87, 108, 75, 59, 53, 53, 57, 51, 52, 52, 51, 51, 51, 51, 51, 51, 51, 51, 51, 51, 52], [238, 235, 126, 109, 106, 79, 84, 58, 52, 51, 51, 51, 51, 51, 51, 51, 51, 51, 52, 51, 51, 51, 51, 51], [300, 210, 187, 93, 116, 77, 65, 60, 52, 53, 51, 51, 51, 51, 54, 51, 51, 51, 51, 51, 51, 51, 51], [158, 286, 141, 133, 87, 71, 71, 57, 66, 51, 51, 51, 52, 52, 51, 51, 51, 52, 51, 51, 51, 51, 51], [236, 190, 182, 129, 97, 66, 53, 51, 52, 54, 51, 51, 52, 51, 51, 51, 51, 51, 54, 51, 51, 51, 51], [303, 125, 120, 124, 118, 78, 82, 58, 54, 51, 52, 51, 51, 51, 51, 51, 53, 52, 51, 51, 51, 52, 51, 51], [135, 251, 117, 100, 98, 100, 98, 77, 54, 55, 55, 51, 51, 51, 51, 51, 51, 51, 51, 51, 51, 51, 51, 52, 51]]"
6949          ,0     ,1       ,5          ,5      ,2.1289163029645977 ,92          ,25016,"[48, 9, 11, 13, 11]"                     ,resetting_embedded_distance_based_20,0.2        ,0.05          ,cifar  ,1.05                     ,0.99                       ,"[[119, 93, 94, 82, 81, 77, 92, 83, 82, 87, 74, 79, 76, 82, 70, 67, 79, 90, 94, 77, 88, 84, 75, 86, 72, 104, 76, 77, 82, 85, 71, 89, 78, 87, 88, 93, 220, 218, 131, 122, 119, 126, 121, 160, 310, 138, 1257, 316], [720, 167, 66, 92, 85, 72, 164, 2542, 311], [676, 166, 74, 81, 82, 72, 62, 63, 2447, 144, 312], [158, 70, 92, 63, 68, 53, 76, 66, 98, 96, 2575, 132, 298], [691, 154, 68, 65, 81, 86, 84, 60, 106, 2486, 330]]"
6949          ,0     ,1       ,5          ,10     ,2.1289163029645977 ,67          ,25016,"[38, 4, 3, 4, 2, 3, 3, 3, 4, 3]"         ,resetting_embedded_distance_based_20,0.2        ,0.05          ,cifar  ,1.05                     ,0.99                       ,"[[119, 210, 61, 51, 59, 57, 60, 68, 67, 73, 68, 84, 66, 63, 68, 73, 61, 80, 64, 63, 69, 76, 70, 68, 74, 78, 70, 79, 135, 141, 90, 81, 88, 81, 87, 118, 180, 94], [379, 92, 63, 63], [442, 76, 101], [413, 93, 83, 106], [325, 146], [266, 67, 1407], [284, 80, 1563], [89, 71, 1417], [140, 258, 90, 98], [242, 82, 98]]"
6420          ,7     ,0       ,5          ,5      ,0.5859812590090665 ,336         ,25001,"[70, 70, 64, 64, 68]"                    ,resetting_embedded_distance_based_20,0.2        ,0.05          ,cifar  ,1.05                     ,0.99                       ,"[[287, 72, 93, 59, 73, 53, 67, 58, 53, 59, 53, 65, 51, 55, 51, 51, 51, 52, 73, 75, 89, 53, 76, 59, 88, 77, 67, 52, 64, 69, 103, 67, 60, 52, 74, 74, 67, 58, 68, 69, 67, 57, 68, 51, 62, 81, 62, 55, 64, 61, 62, 61, 66, 52, 63, 54, 51, 51, 51, 51, 51, 51, 52, 51, 51, 144, 99, 104, 95, 98], [174, 101, 68, 71, 65, 68, 56, 69, 51, 51, 62, 51, 51, 51, 51, 51, 51, 52, 51, 77, 74, 69, 64, 80, 60, 69, 88, 67, 56, 59, 63, 80, 64, 78, 90, 66, 73, 72, 86, 70, 73, 63, 58, 55, 58, 51, 51, 66, 59, 51, 61, 77, 66, 53, 61, 52, 55, 59, 56, 55, 53, 51, 51, 51, 51, 51, 51, 51, 122, 262], [245, 119, 77, 71, 59, 66, 56, 58, 51, 66, 60, 53, 52, 51, 51, 51, 94, 89, 82, 51, 75, 58, 83, 88, 62, 51, 60, 62, 61, 74, 61, 71, 64, 70, 84, 74, 81, 67, 61, 60, 58, 61, 55, 54, 67, 63, 51, 64, 69, 53, 64, 55, 53, 51, 54, 56, 62, 62, 51, 52, 51, 51, 51, 307], [184, 132, 63, 54, 71, 69, 61, 57, 51, 54, 79, 56, 51, 51, 51, 51, 55, 82, 80, 63, 57, 75, 82, 81, 59, 54, 74, 94, 68, 77, 77, 59, 66, 74, 58, 63, 65, 69, 56, 65, 57, 54, 61, 55, 51, 78, 56, 52, 73, 56, 60, 65, 65, 55, 51, 51, 60, 52, 51, 51, 51, 51, 75, 298], [180, 176, 145, 67, 66, 55, 67, 51, 51, 69, 51, 51, 60, 57, 51, 51, 51, 51, 53, 51, 55, 66, 67, 54, 66, 52, 82, 80, 82, 67, 51, 62, 58, 82, 76, 80, 74, 78, 70, 53, 66, 71, 70, 66, 76, 52, 52, 71, 67, 62, 51, 75, 66, 60, 58, 58, 57, 55, 52, 51, 51, 51, 62, 51, 53, 51, 51, 313]]"
6420          ,7     ,0       ,5          ,10     ,0.5859812590090665 ,309         ,25001,"[29, 29, 32, 30, 32, 29, 31, 32, 34, 31]",resetting_embedded_distance_based_20,0.2        ,0.05          ,cifar  ,1.05                     ,0.99                       ,"[[64, 79, 51, 51, 51, 53, 61, 88, 74, 92, 81, 101, 61, 81, 84, 56, 67, 52, 65, 53, 58, 51, 54, 53, 55, 61, 51, 52, 116], [70, 65, 61, 67, 54, 51, 51, 80, 78, 67, 82, 94, 96, 76, 64, 80, 63, 54, 55, 58, 68, 51, 61, 56, 51, 53, 51, 51, 203], [176, 51, 70, 53, 56, 54, 51, 60, 76, 80, 96, 54, 54, 74, 75, 75, 60, 76, 74, 59, 52, 54, 66, 62, 72, 54, 54, 51, 55, 51, 55, 51], [69, 51, 77, 69, 51, 52, 90, 65, 74, 89, 88, 72, 93, 89, 79, 72, 62, 63, 54, 69, 68, 65, 53, 52, 53, 56, 51, 51, 55, 59], [78, 55, 76, 51, 51, 58, 51, 51, 51, 83, 70, 51, 89, 79, 52, 105, 80, 96, 62, 77, 51, 58, 64, 65, 62, 57, 51, 56, 58, 53, 52, 212], [53, 70, 79, 51, 51, 51, 83, 67, 71, 95, 77, 76, 101, 72, 73, 53, 68, 54, 73, 51, 63, 64, 69, 53, 65, 58, 51, 51, 184], [85, 56, 58, 52, 60, 51, 51, 102, 86, 85, 65, 56, 85, 85, 54, 69, 70, 76, 63, 52, 63, 52, 58, 58, 61, 51, 51, 59, 51, 52, 101], [105, 56, 60, 53, 52, 62, 51, 51, 79, 85, 68, 88, 60, 54, 55, 89, 65, 73, 89, 76, 60, 58, 52, 52, 56, 59, 51, 51, 51, 53, 51, 165], [195, 56, 60, 61, 59, 51, 55, 51, 51, 51, 52, 86, 53, 76, 69, 59, 82, 84, 79, 80, 70, 53, 54, 51, 75, 76, 52, 61, 51, 57, 51, 52, 57, 82], [52, 56, 85, 52, 64, 51, 55, 57, 107, 56, 87, 88, 52, 62, 77, 81, 71, 56, 64, 61, 66, 64, 51, 73, 65, 53, 51, 58, 51, 52, 151]]"
3385          ,8     ,5       ,5          ,5      ,2.604111987944814  ,211         ,25001,"[54, 40, 39, 39, 39]"                    ,resetting_embedded_distance_based_20,0.2        ,0.05          ,cifar  ,1.05                     ,0.99                       ,"[[246, 217, 100, 205, 100, 112, 798, 185, 76, 158, 142, 103, 62, 52, 58, 56, 55, 56, 55, 51, 54, 53, 52, 51, 54, 53, 53, 54, 52, 54, 53, 52, 52, 53, 54, 55, 65, 65, 140, 260, 107, 71, 71, 54, 53, 56, 75, 87, 77, 92, 90, 93, 92, 96], [338, 92, 134, 146, 354, 574, 127, 133, 186, 86, 104, 55, 54, 62, 55, 53, 56, 57, 54, 53, 53, 52, 53, 52, 54, 53, 53, 58, 53, 53, 55, 53, 56, 62, 67, 179, 275, 61, 58, 56], [106, 93, 162, 840, 163, 108, 125, 143, 137, 57, 54, 58, 62, 55, 63, 57, 55, 52, 53, 52, 52, 53, 52, 54, 52, 58, 53, 52, 52, 54, 53, 59, 62, 55, 235, 176, 83, 64, 56], [128, 191, 106, 135, 141, 920, 167, 114, 114, 155, 79, 56, 61, 57, 51, 51, 54, 53, 55, 52, 52, 53, 53, 53, 54, 52, 54, 53, 53, 53, 57, 53, 64, 62, 163, 293, 63, 65, 52], [368, 120, 160, 960, 141, 102, 121, 140, 81, 54, 52, 53, 57, 61, 57, 51, 51, 54, 53, 52, 52, 51, 53, 53, 53, 53, 55, 53, 53, 53, 55, 52, 65, 57, 263, 175, 132, 117, 77]]"
3385          ,8     ,5       ,5          ,10     ,2.604111987944814  ,178         ,25001,"[22, 17, 19, 17, 16, 19, 20, 19, 16, 13]",resetting_embedded_distance_based_20,0.2        ,0.05          ,cifar  ,1.05                     ,0.99                       ,"[[203, 51, 56, 63, 53, 53, 53, 54, 54, 54, 58, 140, 166, 60, 57, 76, 84, 62, 73, 69, 70, 71], [166, 534, 162, 75, 65, 52, 51, 57, 52, 52, 53, 51, 54, 54, 61, 66, 288], [670, 134, 100, 60, 51, 55, 53, 53, 52, 54, 53, 52, 54, 52, 55, 62, 232, 111, 57], [164, 141, 58, 62, 52, 56, 52, 51, 53, 51, 53, 53, 53, 54, 66, 234, 117], [634, 164, 79, 64, 56, 56, 55, 53, 53, 53, 51, 56, 59, 86, 247, 55], [171, 105, 156, 584, 123, 117, 63, 55, 53, 54, 53, 53, 52, 54, 53, 59, 60, 174, 152], [160, 147, 602, 86, 177, 58, 54, 60, 58, 54, 51, 53, 52, 54, 53, 54, 55, 110, 213, 64], [178, 591, 152, 89, 52, 55, 57, 51, 53, 53, 55, 52, 55, 52, 53, 62, 151, 136, 67], [667, 233, 51, 55, 53, 51, 53, 52, 54, 53, 51, 53, 54, 61, 268, 64], [178, 55, 54, 54, 51, 51, 53, 55, 53, 54, 58, 208, 118]]"
6396          ,4     ,8       ,5          ,5      ,1.5182204201343121 ,238         ,25016,"[51, 45, 44, 47, 51]"                    ,resetting_embedded_distance_based_20,0.2        ,0.05          ,cifar  ,1.05                     ,0.99                       ,"[[169, 123, 209, 137, 84, 93, 83, 76, 97, 182, 176, 136, 129, 119, 91, 81, 58, 86, 97, 60, 80, 84, 96, 78, 74, 69, 81, 87, 83, 91, 51, 51, 51, 51, 51, 78, 67, 56, 57, 58, 58, 77, 63, 58, 91, 58, 67, 99, 112, 68, 72], [170, 111, 118, 183, 170, 93, 110, 131, 188, 135, 115, 130, 86, 83, 97, 79, 80, 85, 86, 70, 71, 60, 65, 73, 91, 67, 88, 88, 56, 52, 51, 51, 51, 62, 58, 84, 130, 62, 55, 71, 59, 64, 57, 71, 64], [102, 100, 218, 148, 109, 111, 101, 91, 188, 160, 114, 100, 121, 84, 81, 68, 75, 91, 103, 71, 72, 80, 64, 79, 76, 81, 77, 88, 86, 65, 51, 54, 53, 62, 87, 123, 65, 59, 67, 73, 59, 69, 58, 56], [173, 83, 126, 87, 223, 95, 114, 83, 100, 210, 152, 100, 98, 92, 99, 93, 63, 84, 91, 81, 80, 74, 80, 68, 51, 77, 54, 73, 90, 93, 89, 81, 51, 51, 51, 52, 64, 68, 91, 84, 68, 83, 61, 66, 63, 74, 64], [183, 162, 75, 119, 236, 100, 107, 75, 105, 161, 148, 164, 108, 107, 119, 87, 65, 66, 80, 75, 89, 73, 76, 51, 82, 69, 76, 72, 79, 82, 67, 75, 79, 74, 51, 51, 51, 51, 51, 107, 66, 108, 66, 51, 80, 65, 60, 56, 79, 70, 55]]"
6396          ,4     ,8       ,5          ,10     ,1.5182204201343121 ,207         ,25016,"[22, 24, 19, 21, 22, 21, 18, 19, 22, 19]",resetting_embedded_distance_based_20,0.2        ,0.05          ,cifar  ,1.05                     ,0.99                       ,"[[264, 191, 182, 143, 80, 98, 83, 72, 93, 71, 81, 58, 51, 51, 63, 70, 68, 64, 70, 74, 85, 72], [105, 178, 90, 147, 133, 151, 98, 68, 63, 102, 93, 95, 79, 70, 87, 67, 51, 51, 60, 70, 75, 68, 65, 64], [309, 100, 221, 150, 98, 85, 93, 85, 62, 86, 70, 91, 52, 51, 61, 109, 70, 58, 65], [152, 113, 140, 138, 113, 70, 103, 82, 56, 80, 91, 91, 88, 71, 52, 59, 83, 94, 67, 65, 72], [178, 136, 203, 147, 88, 84, 54, 68, 111, 77, 70, 87, 98, 79, 51, 52, 51, 89, 83, 68, 64, 74], [210, 176, 112, 164, 115, 79, 75, 93, 78, 67, 75, 84, 94, 57, 52, 64, 57, 85, 63, 65, 66], [287, 243, 112, 73, 75, 97, 84, 73, 83, 87, 73, 51, 71, 62, 65, 67, 62, 67], [261, 94, 182, 148, 93, 99, 65, 88, 73, 86, 85, 68, 51, 55, 69, 105, 69, 67, 67], [89, 259, 250, 178, 91, 89, 109, 76, 64, 82, 88, 81, 53, 51, 51, 83, 53, 76, 52, 64, 67, 60], [205, 129, 89, 250, 114, 68, 103, 88, 87, 79, 85, 88, 79, 51, 65, 120, 70, 69, 67]]"
2558          ,4     ,9       ,5          ,5      ,0.7668312681602422 ,237         ,25029,"[49, 47, 49, 47, 45]"                    ,resetting_embedded_distance_based_20,0.2        ,0.05          ,cifar  ,1.05                     ,0.99                       ,"[[319, 187, 224, 162, 498, 516, 165, 144, 86, 92, 76, 79, 91, 75, 73, 60, 57, 62, 71, 57, 56, 70, 52, 53, 52, 51, 57, 51, 52, 54, 52, 52, 53, 51, 52, 52, 52, 52, 52, 51, 52, 53, 54, 68, 83, 82, 70, 57, 52], [279, 148, 519, 423, 215, 139, 97, 108, 88, 87, 78, 72, 61, 76, 68, 58, 72, 60, 58, 53, 68, 54, 57, 57, 51, 61, 58, 55, 52, 56, 52, 52, 52, 52, 52, 52, 51, 52, 53, 52, 51, 53, 67, 88, 76, 65, 60], [290, 125, 606, 296, 120, 127, 101, 80, 105, 113, 106, 103, 92, 72, 89, 60, 66, 73, 72, 51, 59, 51, 51, 51, 51, 51, 51, 53, 51, 52, 52, 52, 53, 52, 52, 53, 53, 51, 53, 52, 52, 52, 52, 67, 82, 67, 61, 58, 52], [251, 319, 107, 596, 386, 133, 94, 137, 135, 84, 78, 105, 88, 91, 85, 51, 60, 73, 55, 51, 54, 65, 56, 53, 52, 52, 54, 51, 53, 52, 54, 51, 53, 51, 52, 57, 51, 52, 52, 52, 52, 58, 78, 100, 65, 62, 58], [189, 220, 556, 549, 174, 122, 110, 117, 84, 101, 80, 69, 87, 51, 68, 74, 61, 69, 62, 52, 56, 60, 57, 51, 58, 51, 51, 52, 53, 52, 52, 52, 53, 52, 52, 53, 51, 53, 52, 58, 84, 77, 73, 55, 55]]"
2558          ,4     ,9       ,5          ,10     ,0.7668312681602422 ,208         ,25029,"[22, 21, 19, 20, 21, 21, 20, 20, 21, 23]",resetting_embedded_distance_based_20,0.2        ,0.05          ,cifar  ,1.05                     ,0.99                       ,"[[600, 171, 128, 64, 66, 75, 72, 52, 61, 55, 54, 53, 51, 52, 52, 51, 52, 52, 91, 57, 61, 55], [577, 146, 91, 55, 68, 73, 79, 78, 60, 60, 51, 54, 52, 52, 54, 53, 51, 53, 73, 87, 56], [560, 154, 102, 83, 58, 83, 66, 51, 54, 53, 51, 53, 51, 52, 52, 53, 54, 51, 106], [632, 81, 97, 102, 88, 54, 82, 64, 52, 52, 53, 51, 53, 53, 52, 53, 51, 79, 86, 56], [680, 150, 111, 83, 75, 62, 64, 70, 57, 51, 51, 51, 53, 52, 52, 53, 52, 52, 81, 58, 63], [703, 143, 118, 88, 74, 79, 80, 57, 59, 53, 51, 53, 53, 52, 56, 52, 52, 52, 53, 97, 62], [666, 62, 139, 98, 53, 66, 70, 58, 58, 53, 51, 60, 56, 52, 52, 51, 53, 51, 120, 55], [533, 365, 113, 98, 81, 83, 90, 63, 55, 51, 59, 58, 52, 53, 54, 53, 51, 52, 71, 97], [614, 218, 84, 76, 77, 77, 66, 54, 53, 51, 51, 55, 51, 51, 52, 52, 53, 52, 52, 108, 60], [534, 142, 116, 104, 77, 74, 58, 71, 56, 55, 54, 55, 51, 52, 53, 52, 53, 54, 51, 59, 70, 80, 54]]"
2747          ,3     ,2       ,5          ,5      ,1.409652110832093  ,294         ,25046,"[55, 61, 57, 61, 60]"                    ,resetting_embedded_distance_based_20,0.2        ,0.05          ,cifar  ,1.05                     ,0.99                       ,"[[237, 115, 114, 71, 165, 329, 124, 140, 115, 110, 85, 95, 110, 96, 108, 85, 102, 55, 66, 61, 62, 61, 56, 54, 52, 52, 54, 53, 52, 52, 53, 51, 53, 51, 53, 56, 51, 53, 51, 53, 53, 51, 53, 52, 51, 51, 52, 54, 52, 54, 53, 59, 55, 54, 54], [371, 118, 111, 96, 165, 162, 202, 76, 103, 78, 143, 108, 155, 114, 91, 88, 84, 64, 95, 66, 55, 54, 60, 64, 55, 52, 52, 57, 53, 52, 52, 54, 51, 55, 54, 51, 54, 55, 53, 52, 51, 52, 51, 53, 54, 53, 51, 51, 51, 55, 52, 56, 52, 53, 51, 55, 53, 60, 54, 59, 57], [301, 135, 93, 190, 264, 121, 126, 159, 119, 155, 96, 78, 113, 93, 78, 57, 58, 52, 54, 52, 55, 53, 52, 51, 52, 53, 52, 52, 51, 54, 57, 51, 52, 52, 55, 52, 52, 52, 55, 51, 51, 52, 51, 52, 54, 52, 51, 52, 51, 52, 52, 54, 54, 59, 58, 55, 54], [267, 180, 123, 103, 147, 261, 147, 84, 66, 65, 135, 93, 113, 108, 67, 102, 69, 112, 64, 102, 77, 54, 55, 61, 58, 55, 54, 53, 55, 51, 54, 52, 55, 51, 52, 51, 51, 54, 51, 52, 52, 53, 52, 52, 51, 55, 51, 51, 51, 51, 52, 52, 52, 52, 53, 51, 55, 55, 53, 54, 56], [280, 122, 101, 112, 161, 298, 97, 104, 59, 145, 100, 101, 98, 121, 62, 86, 92, 84, 90, 58, 54, 56, 54, 59, 52, 53, 52, 51, 55, 52, 52, 53, 53, 52, 53, 56, 51, 51, 51, 52, 53, 51, 52, 52, 51, 51, 51, 51, 56, 53, 52, 52, 53, 52, 54, 60, 56, 54, 57, 53]]"
2747          ,3     ,2       ,5          ,10     ,1.409652110832093  ,269         ,25046,"[28, 25, 26, 28, 26, 27, 27, 29, 27, 26]",resetting_embedded_distance_based_20,0.2        ,0.05          ,cifar  ,1.05                     ,0.99                       ,"[[143, 174, 118, 147, 84, 100, 112, 77, 55, 58, 54, 51, 53, 52, 55, 51, 53, 51, 53, 53, 52, 51, 51, 55, 52, 53, 54, 55], [140, 242, 141, 166, 126, 81, 54, 58, 52, 51, 53, 51, 54, 53, 56, 54, 52, 56, 51, 53, 59, 53, 54, 55, 57], [177, 198, 198, 144, 143, 79, 56, 56, 57, 52, 52, 52, 56, 52, 51, 51, 53, 51, 51, 51, 51, 51, 52, 53, 56, 55], [106, 184, 151, 137, 101, 95, 91, 100, 69, 54, 58, 54, 51, 51, 52, 56, 52, 56, 53, 51, 51, 52, 53, 54, 52, 52, 54, 54], [117, 329, 148, 106, 113, 107, 84, 60, 54, 54, 51, 52, 52, 53, 52, 52, 54, 51, 51, 52, 55, 51, 55, 53, 55, 57], [99, 321, 171, 106, 116, 90, 69, 69, 56, 53, 54, 52, 53, 55, 53, 51, 51, 53, 53, 52, 54, 51, 51, 55, 52, 57, 56], [189, 175, 92, 127, 174, 81, 100, 65, 58, 57, 55, 51, 53, 55, 52, 55, 51, 52, 52, 51, 51, 51, 52, 54, 54, 53, 54], [136, 246, 134, 112, 121, 110, 79, 64, 53, 52, 55, 51, 54, 52, 54, 53, 51, 51, 51, 51, 51, 55, 51, 51, 51, 52, 53, 54, 56], [155, 226, 79, 131, 108, 88, 83, 82, 75, 54, 56, 53, 53, 52, 51, 52, 52, 52, 53, 53, 58, 52, 52, 53, 53, 59, 57], [120, 279, 114, 146, 134, 83, 101, 67, 67, 55, 52, 57, 51, 52, 52, 58, 52, 54, 54, 51, 55, 52, 54, 54, 55, 55]]"
1899          ,7     ,6       ,5          ,5      ,2.1500051064900716 ,104         ,25025,"[23, 18, 20, 20, 23]"                    ,resetting_embedded_distance_based_20,0.2        ,0.05          ,cifar  ,1.05                     ,0.99                       ,"[[139, 132, 133, 578, 798, 168, 224, 181, 149, 116, 122, 154, 240, 172, 105, 82, 117, 136, 98, 127, 71, 108, 96], [185, 152, 1320, 297, 164, 199, 130, 112, 76, 211, 287, 94, 104, 106, 132, 139, 123, 77], [205, 203, 728, 690, 183, 216, 182, 215, 121, 150, 156, 226, 123, 71, 79, 141, 156, 87, 96, 73], [212, 151, 651, 704, 333, 141, 136, 114, 109, 58, 161, 292, 127, 91, 67, 109, 131, 145, 93, 102], [186, 116, 120, 150, 664, 690, 262, 113, 110, 141, 95, 91, 60, 293, 174, 75, 100, 101, 93, 84, 132, 102, 113]]"
1899          ,7     ,6       ,5          ,10     ,2.1500051064900716 ,75          ,25025,"[7, 10, 8, 6, 7, 6, 9, 7, 8, 7]"         ,resetting_embedded_distance_based_20,0.2        ,0.05          ,cifar  ,1.05                     ,0.99                       ,"[[872, 164, 155, 237, 145, 146, 106], [142, 721, 313, 132, 79, 210, 154, 98, 87, 144], [173, 922, 145, 87, 296, 65, 182, 91], [974, 195, 111, 323, 140, 151], [831, 183, 170, 321, 132, 126, 125], [1044, 144, 76, 326, 107, 204], [190, 438, 578, 160, 339, 61, 98, 132, 80], [109, 896, 183, 86, 287, 105, 194], [950, 141, 122, 200, 152, 80, 99, 121], [907, 157, 266, 100, 101, 144, 105]]"
1267          ,4     ,8       ,5          ,5      ,1.0597205508820307 ,163         ,25004,"[30, 34, 35, 35, 29]"                    ,resetting_embedded_distance_based_20,0.2        ,0.05          ,cifar  ,1.05                     ,0.99                       ,"[[204, 695, 155, 967, 261, 177, 138, 99, 104, 61, 164, 108, 98, 73, 64, 60, 101, 77, 51, 53, 51, 51, 52, 51, 52, 54, 51, 62, 71, 62], [222, 387, 386, 419, 539, 204, 165, 195, 83, 61, 54, 76, 98, 140, 64, 82, 70, 84, 73, 55, 91, 101, 82, 52, 51, 51, 53, 51, 51, 53, 66, 55, 54, 59], [235, 708, 126, 100, 404, 604, 203, 93, 90, 133, 105, 84, 108, 130, 104, 82, 101, 78, 56, 53, 97, 54, 71, 52, 51, 51, 53, 56, 51, 51, 57, 52, 52, 71, 62], [159, 477, 373, 136, 505, 542, 202, 177, 108, 77, 76, 119, 76, 135, 74, 92, 93, 86, 66, 62, 110, 61, 63, 51, 51, 51, 55, 51, 51, 52, 52, 53, 66, 55, 59], [736, 147, 163, 868, 215, 191, 129, 97, 97, 106, 112, 144, 95, 64, 75, 71, 56, 104, 74, 53, 53, 52, 51, 53, 52, 52, 51, 65, 68]]"
1267          ,4     ,8       ,5          ,10     ,1.0597205508820307 ,129         ,25004,"[12, 14, 15, 13, 14, 13, 11, 13, 13, 11]",resetting_embedded_distance_based_20,0.2        ,0.05          ,cifar  ,1.05                     ,0.99                       ,"[[728, 107, 154, 113, 75, 93, 80, 51, 57, 52, 56, 60], [107, 738, 148, 76, 105, 82, 71, 95, 51, 51, 51, 54, 56, 53], [153, 630, 114, 89, 95, 142, 93, 74, 84, 60, 51, 51, 51, 56, 55], [496, 743, 82, 70, 168, 91, 63, 101, 51, 52, 54, 71, 68], [414, 702, 145, 138, 96, 76, 97, 51, 52, 53, 51, 54, 62, 58], [115, 669, 88, 103, 143, 98, 105, 53, 51, 56, 51, 59, 59], [298, 630, 110, 94, 117, 80, 102, 75, 55, 51, 70], [645, 142, 98, 143, 95, 70, 99, 56, 51, 57, 51, 51, 53], [628, 236, 106, 138, 89, 59, 51, 107, 51, 51, 51, 53, 74], [692, 170, 92, 140, 121, 61, 96, 52, 55, 52, 51]]"
3890          ,7     ,6       ,5          ,5      ,1.5192309389714456 ,155         ,25017,"[39, 27, 27, 30, 32]"                    ,resetting_embedded_distance_based_20,0.2        ,0.05          ,cifar  ,1.05                     ,0.99                       ,"[[127, 96, 72, 104, 71, 98, 68, 142, 148, 123, 97, 109, 462, 173, 177, 184, 164, 193, 390, 237, 166, 89, 70, 79, 131, 126, 99, 117, 107, 109, 85, 94, 125, 74, 61, 63, 59, 58, 52], [114, 68, 79, 82, 90, 151, 99, 136, 1503, 175, 169, 113, 109, 96, 96, 81, 121, 112, 103, 81, 62, 116, 66, 75, 56, 65, 53], [78, 97, 143, 152, 558, 766, 433, 183, 140, 109, 121, 101, 97, 100, 78, 91, 108, 88, 96, 60, 52, 110, 76, 65, 65, 54, 55], [131, 113, 110, 73, 71, 68, 134, 226, 332, 979, 346, 160, 181, 130, 92, 117, 125, 128, 112, 82, 89, 88, 81, 90, 88, 74, 78, 76, 55, 56], [128, 97, 101, 77, 96, 110, 123, 158, 90, 99, 70, 366, 1016, 310, 174, 139, 135, 109, 122, 111, 122, 95, 84, 100, 59, 87, 88, 71, 62, 63, 51, 51]]"
3890          ,7     ,6       ,5          ,10     ,1.5192309389714456 ,120         ,25017,"[12, 14, 10, 12, 14, 12, 11, 12, 13, 10]",resetting_embedded_distance_based_20,0.2        ,0.05          ,cifar  ,1.05                     ,0.99                       ,"[[89, 96, 130, 582, 142, 436, 135, 139, 107, 108, 74, 63], [91, 72, 132, 88, 494, 560, 195, 64, 127, 90, 123, 59, 59, 51], [97, 146, 347, 790, 127, 143, 111, 64, 102, 59], [105, 129, 90, 393, 666, 152, 121, 116, 83, 102, 63, 54], [113, 88, 89, 124, 143, 153, 875, 123, 143, 107, 100, 142, 71, 62], [95, 73, 145, 638, 500, 136, 113, 116, 82, 126, 80, 67], [81, 151, 73, 511, 565, 163, 96, 126, 75, 136, 76], [124, 102, 163, 430, 726, 157, 111, 124, 69, 117, 67, 53], [108, 87, 99, 260, 957, 149, 109, 105, 96, 88, 58, 53, 53], [92, 115, 136, 289, 806, 209, 109, 107, 96, 57]]"
8433          ,3     ,9       ,5          ,5      ,1.4534385702899906 ,149         ,25003,"[43, 24, 29, 26, 27]"                    ,resetting_embedded_distance_based_20,0.2        ,0.05          ,cifar  ,1.05                     ,0.99                       ,"[[78, 97, 82, 86, 146, 133, 1009, 85, 108, 85, 79, 99, 81, 64, 89, 91, 86, 76, 74, 81, 58, 318, 102, 137, 113, 98, 125, 123, 111, 100, 102, 107, 105, 107, 84, 66, 78, 76, 64, 114, 124, 136, 135], [484, 171, 830, 106, 109, 104, 64, 109, 91, 91, 90, 86, 89, 79, 78, 283, 278, 158, 315, 89, 62, 73, 58, 62], [154, 404, 713, 329, 129, 104, 104, 88, 82, 99, 79, 86, 77, 70, 95, 90, 84, 83, 345, 254, 148, 198, 77, 72, 67, 61, 63, 57, 58], [354, 160, 833, 117, 118, 96, 73, 88, 96, 90, 71, 100, 97, 75, 87, 70, 258, 317, 197, 256, 109, 64, 72, 60, 66, 62], [344, 84, 935, 111, 132, 99, 80, 96, 98, 91, 81, 87, 92, 73, 99, 257, 233, 124, 235, 177, 91, 87, 63, 61, 69, 59, 56]]"
8433          ,3     ,9       ,5          ,10     ,1.4534385702899906 ,118         ,25003,"[20, 11, 13, 11, 10, 11, 13, 10, 11, 8]" ,resetting_embedded_distance_based_20,0.2        ,0.05          ,cifar  ,1.05                     ,0.99                       ,"[[689, 91, 112, 84, 97, 86, 294, 180, 84, 98, 69, 66, 85, 96, 100, 68, 78, 85, 101, 87], [818, 98, 125, 93, 59, 89, 151, 236, 233, 88, 60], [230, 498, 77, 111, 95, 81, 82, 227, 293, 127, 63, 62, 61], [178, 536, 113, 115, 72, 89, 102, 209, 320, 95, 105], [114, 93, 72, 79, 87, 79, 280, 278, 62, 64], [165, 535, 69, 127, 98, 97, 100, 251, 124, 309, 96], [139, 575, 101, 115, 69, 90, 78, 252, 177, 222, 71, 60, 65], [524, 86, 95, 101, 87, 90, 241, 177, 201, 104], [677, 101, 101, 92, 86, 83, 327, 262, 72, 61, 57], [840, 85, 108, 103, 66, 189, 399, 94]]"
7513          ,0     ,4       ,5          ,5      ,1.681817734081102  ,149         ,25056,"[30, 34, 28, 26, 31]"                    ,resetting_embedded_distance_based_20,0.2        ,0.05          ,cifar  ,1.05                     ,0.99                       ,"[[366, 539, 603, 158, 214, 155, 136, 160, 138, 118, 111, 87, 114, 101, 106, 86, 82, 65, 58, 72, 70, 56, 79, 65, 95, 74, 67, 51, 52, 51], [381, 480, 270, 239, 163, 178, 170, 84, 134, 113, 122, 121, 122, 99, 84, 80, 83, 98, 87, 97, 81, 80, 87, 68, 51, 85, 70, 73, 60, 66, 53, 51, 51, 51], [410, 180, 871, 190, 147, 178, 114, 146, 141, 144, 116, 123, 113, 119, 96, 118, 90, 84, 83, 61, 88, 80, 85, 53, 80, 52, 57, 51], [388, 707, 129, 155, 208, 202, 125, 164, 120, 108, 138, 108, 92, 104, 90, 136, 91, 73, 78, 86, 73, 89, 93, 76, 52, 57], [349, 389, 631, 192, 161, 151, 102, 124, 110, 129, 104, 91, 124, 94, 111, 102, 116, 85, 97, 70, 101, 64, 98, 92, 94, 82, 70, 51, 52, 56, 51]]"
7513          ,0     ,4       ,5          ,10     ,1.681817734081102  ,128         ,25056,"[14, 15, 12, 12, 13, 13, 14, 10, 14, 11]",resetting_embedded_distance_based_20,0.2        ,0.05          ,cifar  ,1.05                     ,0.99                       ,"[[529, 132, 101, 142, 113, 60, 104, 96, 70, 64, 82, 63, 51, 51], [292, 160, 110, 126, 146, 101, 100, 68, 113, 72, 70, 100, 74, 56, 52], [342, 167, 110, 166, 110, 91, 122, 91, 87, 66, 86, 52], [367, 194, 140, 125, 103, 107, 89, 66, 77, 83, 52, 51], [431, 222, 153, 100, 90, 109, 113, 67, 83, 87, 93, 58, 52], [568, 167, 104, 140, 137, 113, 110, 97, 72, 87, 92, 51, 51], [232, 134, 119, 138, 81, 89, 116, 101, 72, 57, 95, 80, 54, 53], [315, 143, 129, 191, 116, 110, 94, 86, 87, 80], [541, 112, 150, 157, 67, 92, 103, 81, 83, 81, 67, 60, 53, 51], [347, 198, 142, 96, 115, 108, 94, 90, 76, 70, 73]]"
5486          ,3     ,6       ,5          ,5      ,0.8239125750148557 ,276         ,25032,"[54, 58, 54, 55, 55]"                    ,resetting_embedded_distance_based_20,0.2        ,0.05          ,cifar  ,1.05                     ,0.99                       ,"[[151, 138, 116, 110, 77, 77, 91, 75, 65, 94, 59, 206, 149, 309, 118, 128, 141, 120, 87, 134, 79, 117, 99, 80, 94, 82, 71, 70, 67, 63, 74, 78, 52, 55, 57, 51, 51, 53, 51, 51, 53, 56, 61, 51, 51, 51, 51, 51, 51, 52, 51, 51, 51, 51], [160, 111, 132, 83, 81, 75, 87, 74, 70, 65, 80, 103, 83, 89, 239, 231, 121, 191, 143, 150, 116, 112, 88, 100, 114, 88, 100, 70, 58, 93, 96, 68, 62, 69, 53, 55, 57, 51, 52, 51, 54, 55, 51, 51, 51, 52, 56, 51, 51, 51, 51, 52, 51, 51, 51, 51, 51, 51], [163, 110, 165, 70, 87, 103, 72, 79, 76, 60, 64, 106, 63, 237, 204, 177, 125, 136, 119, 128, 121, 111, 146, 93, 113, 114, 66, 51, 71, 103, 81, 75, 61, 63, 60, 51, 51, 54, 51, 51, 51, 52, 64, 55, 52, 51, 51, 51, 51, 51, 51, 51, 51, 51], [169, 110, 111, 97, 84, 91, 89, 81, 91, 94, 67, 292, 284, 166, 150, 142, 92, 99, 111, 114, 90, 87, 82, 125, 96, 61, 79, 86, 80, 76, 51, 53, 56, 52, 51, 51, 52, 51, 53, 51, 51, 53, 51, 67, 57, 51, 51, 52, 51, 51, 51, 51, 51, 51, 51], [222, 82, 111, 89, 80, 84, 93, 62, 76, 82, 66, 79, 76, 292, 247, 221, 115, 143, 100, 130, 100, 97, 111, 94, 82, 83, 86, 73, 83, 63, 62, 65, 51, 52, 51, 54, 51, 51, 51, 51, 51, 60, 52, 57, 51, 51, 51, 51, 51, 51, 51, 52, 51, 52, 51]]"
5486          ,3     ,6       ,5          ,10     ,0.8239125750148557 ,250         ,25032,"[23, 24, 26, 23, 23, 28, 25, 29, 24, 25]",resetting_embedded_distance_based_20,0.2        ,0.05          ,cifar  ,1.05                     ,0.99                       ,"[[86, 89, 71, 87, 73, 342, 98, 186, 130, 103, 97, 64, 99, 70, 70, 51, 52, 56, 59, 52, 51, 52, 51], [99, 82, 79, 83, 307, 184, 144, 117, 97, 93, 66, 93, 65, 65, 64, 52, 52, 51, 51, 52, 51, 51, 51, 51], [85, 72, 78, 106, 73, 104, 337, 219, 121, 127, 103, 72, 80, 68, 71, 56, 51, 51, 51, 51, 59, 51, 52, 51, 51, 56], [127, 103, 77, 89, 368, 148, 118, 116, 103, 75, 74, 84, 55, 54, 51, 51, 52, 59, 68, 51, 51, 53, 51], [112, 84, 95, 58, 76, 113, 424, 156, 77, 151, 96, 71, 91, 68, 51, 51, 51, 65, 69, 51, 51, 52, 51], [109, 90, 79, 65, 75, 265, 175, 141, 111, 120, 83, 76, 67, 66, 71, 58, 52, 51, 51, 51, 58, 65, 55, 51, 51, 52, 51, 51], [119, 77, 82, 255, 240, 92, 116, 114, 89, 117, 74, 110, 76, 52, 51, 51, 53, 51, 51, 51, 51, 51, 52, 53, 51], [96, 64, 99, 90, 88, 366, 94, 151, 124, 122, 86, 75, 96, 52, 58, 52, 52, 51, 51, 51, 51, 52, 51, 51, 51, 51, 51, 51, 51], [155, 107, 68, 81, 106, 370, 212, 103, 66, 104, 103, 95, 89, 54, 54, 52, 52, 51, 67, 51, 51, 51, 51, 51], [82, 79, 73, 56, 366, 164, 121, 103, 124, 82, 82, 81, 61, 51, 51, 51, 51, 54, 52, 51, 51, 51, 51, 51, 51]]"
8226          ,8     ,0       ,5          ,5      ,0.12329253812760219,438         ,25000,"[85, 84, 88, 91, 90]"                    ,resetting_embedded_distance_based_20,0.2        ,0.05          ,cifar  ,1.05                     ,0.99                       ,"[[63, 56, 83, 74, 55, 58, 69, 93, 84, 69, 73, 83, 53, 54, 52, 54, 58, 57, 77, 51, 52, 56, 52, 64, 56, 61, 51, 51, 51, 57, 55, 52, 53, 51, 52, 57, 51, 51, 51, 51, 52, 51, 51, 51, 51, 51, 51, 51, 51, 51, 51, 51, 51, 51, 51, 51, 51, 51, 51, 51, 51, 51, 53, 51, 51, 51, 51, 51, 51, 51, 51, 51, 51, 51, 51, 51, 51, 51, 51, 51, 51, 51, 51, 51, 51], [54, 61, 97, 53, 54, 61, 67, 69, 95, 65, 75, 56, 78, 51, 51, 53, 52, 52, 69, 52, 51, 51, 53, 57, 60, 58, 51, 51, 51, 51, 51, 55, 51, 53, 58, 54, 52, 51, 51, 53, 51, 51, 51, 51, 53, 51, 51, 51, 51, 51, 51, 51, 51, 51, 51, 51, 51, 51, 51, 51, 51, 51, 51, 51, 51, 51, 51, 51, 51, 51, 51, 51, 51, 51, 51, 51, 51, 51, 51, 51, 51, 51, 51, 51], [53, 70, 90, 56, 58, 61, 74, 141, 81, 56, 51, 51, 71, 51, 51, 51, 53, 52, 53, 92, 51, 65, 63, 51, 57, 60, 55, 56, 51, 52, 51, 51, 53, 64, 54, 53, 54, 51, 51, 52, 52, 52, 51, 51, 51, 51, 52, 51, 51, 51, 51, 51, 51, 51, 51, 51, 51, 51, 51, 58, 51, 52, 51, 51, 51, 51, 51, 51, 51, 51, 51, 51, 51, 51, 51, 51, 51, 51, 51, 51, 51, 51, 51, 51, 51, 51, 51, 51], [53, 71, 59, 74, 52, 56, 56, 136, 78, 53, 53, 52, 83, 53, 51, 55, 52, 55, 57, 51, 78, 54, 51, 52, 51, 52, 56, 56, 53, 61, 61, 55, 51, 51, 51, 52, 51, 51, 51, 51, 52, 53, 51, 52, 51, 52, 51, 52, 51, 51, 51, 51, 51, 51, 51, 51, 51, 51, 51, 52, 51, 51, 51, 51, 51, 51, 51, 51, 51, 52, 51, 51, 51, 51, 51, 51, 51, 51, 51, 51, 51, 51, 51, 51, 51, 51, 51, 51, 51, 51, 51], [55, 78, 69, 69, 61, 57, 56, 62, 55, 58, 103, 71, 74, 51, 68, 60, 52, 54, 51, 53, 58, 54, 72, 51, 51, 69, 60, 51, 54, 51, 56, 51, 51, 51, 53, 51, 60, 52, 51, 56, 53, 51, 51, 51, 51, 51, 51, 51, 51, 51, 51, 51, 51, 51, 51, 51, 51, 51, 54, 52, 51, 51, 51, 51, 51, 51, 55, 51, 51, 51, 51, 51, 51, 51, 51, 51, 51, 51, 51, 51, 51, 51, 51, 51, 51, 51, 51, 51, 51, 51]]"
8226          ,8     ,0       ,5          ,10     ,0.12329253812760219,429         ,25000,"[40, 42, 47, 44, 41, 45, 42, 43, 44, 41]",resetting_embedded_distance_based_20,0.2        ,0.05          ,cifar  ,1.05                     ,0.99                       ,"[[73, 66, 121, 54, 67, 51, 51, 67, 51, 52, 54, 66, 58, 51, 51, 56, 53, 51, 52, 51, 51, 51, 52, 51, 51, 51, 51, 51, 51, 51, 51, 51, 51, 51, 51, 51, 51, 51, 51, 51], [79, 62, 76, 57, 105, 53, 63, 51, 56, 51, 67, 55, 54, 51, 51, 54, 51, 52, 52, 51, 51, 51, 51, 51, 51, 51, 51, 51, 51, 51, 51, 51, 51, 51, 51, 51, 51, 51, 51, 51, 51, 51], [55, 69, 54, 55, 64, 87, 74, 55, 76, 52, 54, 59, 51, 51, 52, 60, 56, 51, 57, 51, 54, 51, 53, 51, 51, 51, 51, 51, 51, 52, 51, 51, 51, 51, 51, 51, 51, 51, 51, 51, 51, 51, 51, 51, 51, 51, 51], [76, 63, 53, 51, 106, 60, 72, 51, 51, 57, 51, 55, 51, 51, 52, 53, 53, 52, 51, 51, 51, 53, 51, 51, 51, 52, 51, 51, 51, 51, 51, 52, 52, 51, 51, 51, 51, 51, 51, 51, 51, 51, 51, 51], [66, 69, 54, 102, 89, 52, 53, 52, 55, 59, 83, 52, 52, 51, 53, 51, 52, 52, 51, 51, 51, 51, 51, 51, 51, 52, 53, 52, 51, 51, 51, 51, 51, 51, 51, 51, 51, 51, 51, 51, 51], [74, 114, 67, 51, 51, 51, 52, 51, 54, 54, 51, 56, 55, 61, 56, 55, 51, 53, 63, 52, 52, 51, 52, 51, 51, 51, 51, 51, 51, 51, 51, 51, 51, 51, 51, 51, 51, 51, 51, 51, 51, 51, 51, 51, 51], [65, 68, 55, 67, 82, 69, 61, 51, 53, 59, 53, 70, 51, 64, 59, 52, 51, 51, 56, 52, 51, 53, 51, 51, 51, 51, 51, 51, 51, 51, 51, 51, 51, 51, 51, 51, 51, 51, 51, 51, 51, 51], [76, 54, 68, 100, 63, 56, 51, 51, 51, 75, 52, 53, 58, 55, 51, 51, 51, 51, 53, 51, 51, 51, 51, 51, 51, 52, 52, 51, 51, 51, 52, 52, 51, 51, 51, 51, 51, 51, 51, 51, 51, 51, 51], [73, 60, 107, 75, 56, 54, 56, 70, 66, 51, 60, 58, 52, 51, 52, 52, 54, 51, 53, 51, 51, 51, 51, 51, 51, 51, 52, 52, 51, 51, 53, 51, 51, 52, 51, 51, 51, 51, 51, 51, 51, 51, 51, 51], [69, 65, 63, 94, 57, 51, 57, 53, 76, 51, 58, 54, 51, 52, 51, 57, 60, 51, 51, 52, 52, 51, 51, 51, 51, 51, 51, 52, 51, 52, 51, 52, 51, 51, 51, 51, 51, 51, 51, 51, 51]]"
