original_index,y_orig,y_target,n_particles,n_nodes,distance             ,n_detections,calls,detections_per_node                       ,distribution_scheme,source_step,spherical_step,dataset,source_step_multiplier_up,source_step_multiplier_down,detections_all
7270          ,9     ,3       ,5          ,1      ,0.7736307898298485   ,271         ,25064,[271]                                     ,round_robin        ,0.2        ,0.05          ,cifar  ,1.05                     ,0.99
860           ,4     ,7       ,5          ,1      ,0.16841254282528295  ,297         ,25002,[297]                                     ,round_robin        ,0.2        ,0.05          ,cifar  ,1.05                     ,0.99
5734          ,6     ,9       ,5          ,1      ,1.1556107955688601   ,226         ,25002,[226]                                     ,round_robin        ,0.2        ,0.05          ,cifar  ,1.05                     ,0.99
466           ,4     ,6       ,5          ,1      ,1.2982447482949064   ,204         ,25002,[204]                                     ,round_robin        ,0.2        ,0.05          ,cifar  ,1.05                     ,0.99
4426          ,0     ,7       ,5          ,1      ,2.6744487690797687   ,228         ,25000,[228]                                     ,round_robin        ,0.2        ,0.05          ,cifar  ,1.05                     ,0.99
8322          ,4     ,5       ,5          ,1      ,2.214055292282945    ,110         ,25002,[110]                                     ,round_robin        ,0.2        ,0.05          ,cifar  ,1.05                     ,0.99
769           ,4     ,7       ,5          ,1      ,0.7485667151302529   ,365         ,25024,[365]                                     ,round_robin        ,0.2        ,0.05          ,cifar  ,1.05                     ,0.99
2433          ,9     ,4       ,5          ,1      ,1.5505727545630041   ,208         ,25013,[208]                                     ,round_robin        ,0.2        ,0.05          ,cifar  ,1.05                     ,0.99
1184          ,6     ,9       ,5          ,1      ,0.21284737715638832  ,394         ,25025,[394]                                     ,round_robin        ,0.2        ,0.05          ,cifar  ,1.05                     ,0.99
6396          ,4     ,8       ,5          ,1      ,1.4271651217563017   ,214         ,25000,[214]                                     ,round_robin        ,0.2        ,0.05          ,cifar  ,1.05                     ,0.99
8666          ,0     ,9       ,5          ,1      ,2.194105554069028    ,167         ,25003,[167]                                     ,round_robin        ,0.2        ,0.05          ,cifar  ,1.05                     ,0.99
2047          ,5     ,2       ,5          ,1      ,9.347728926001192    ,96          ,25042,[96]                                      ,round_robin        ,0.2        ,0.05          ,cifar  ,1.05                     ,0.99
1899          ,7     ,6       ,5          ,1      ,2.4517776008662175   ,112         ,25040,[112]                                     ,round_robin        ,0.2        ,0.05          ,cifar  ,1.05                     ,0.99
1267          ,4     ,8       ,5          ,1      ,1.0783161298025354   ,218         ,25015,[218]                                     ,round_robin        ,0.2        ,0.05          ,cifar  ,1.05                     ,0.99
3556          ,6     ,2       ,5          ,1      ,7.388721908857485    ,98          ,25001,[98]                                      ,round_robin        ,0.2        ,0.05          ,cifar  ,1.05                     ,0.99
8838          ,8     ,4       ,5          ,1      ,0.9290564806017981   ,347         ,25044,[347]                                     ,round_robin        ,0.2        ,0.05          ,cifar  ,1.05                     ,0.99
5393          ,4     ,3       ,5          ,1      ,8.561012506044848e-07,20          ,25000,[20]                                      ,round_robin        ,0.2        ,0.05          ,cifar  ,1.05                     ,0.99
8792          ,6     ,1       ,5          ,1      ,13.912283206018751   ,98          ,25000,[98]                                      ,round_robin        ,0.2        ,0.05          ,cifar  ,1.05                     ,0.99
7513          ,0     ,4       ,5          ,1      ,1.917443006939959    ,173         ,25021,[173]                                     ,round_robin        ,0.2        ,0.05          ,cifar  ,1.05                     ,0.99
7041          ,4     ,3       ,5          ,1      ,0.5966468485081213   ,362         ,25030,[362]                                     ,round_robin        ,0.2        ,0.05          ,cifar  ,1.05                     ,0.99
7270          ,9     ,3       ,5          ,10     ,0.7736307898298485   ,238         ,25064,"[23, 23, 24, 24, 24, 24, 24, 24, 24, 24]",round_robin        ,0.2        ,0.05          ,cifar  ,1.05                     ,0.99
860           ,4     ,7       ,5          ,10     ,0.16841254282528295  ,270         ,25002,"[27, 27, 27, 27, 27, 27, 27, 27, 27, 27]",round_robin        ,0.2        ,0.05          ,cifar  ,1.05                     ,0.99
5734          ,6     ,9       ,5          ,10     ,1.1556107955688601   ,124         ,25002,"[13, 12, 12, 12, 13, 13, 13, 12, 12, 12]",round_robin        ,0.2        ,0.05          ,cifar  ,1.05                     ,0.99
466           ,4     ,6       ,5          ,10     ,1.2982447482949064   ,150         ,25002,"[15, 15, 15, 15, 15, 15, 15, 15, 15, 15]",round_robin        ,0.2        ,0.05          ,cifar  ,1.05                     ,0.99
4426          ,0     ,7       ,5          ,10     ,2.6744487690797687   ,180         ,25000,"[18, 18, 18, 18, 18, 18, 18, 18, 18, 18]",round_robin        ,0.2        ,0.05          ,cifar  ,1.05                     ,0.99
8322          ,4     ,5       ,5          ,10     ,2.214055292282945    ,100         ,25002,"[10, 10, 10, 10, 10, 10, 10, 10, 10, 10]",round_robin        ,0.2        ,0.05          ,cifar  ,1.05                     ,0.99
769           ,4     ,7       ,5          ,10     ,0.7485667151302529   ,329         ,25024,"[33, 33, 33, 33, 33, 33, 33, 33, 33, 32]",round_robin        ,0.2        ,0.05          ,cifar  ,1.05                     ,0.99
2433          ,9     ,4       ,5          ,10     ,1.5505727545630041   ,136         ,25013,"[13, 13, 14, 14, 14, 14, 14, 13, 14, 13]",round_robin        ,0.2        ,0.05          ,cifar  ,1.05                     ,0.99
1184          ,6     ,9       ,5          ,10     ,0.21284737715638832  ,360         ,25025,"[36, 36, 36, 36, 36, 36, 36, 36, 36, 36]",round_robin        ,0.2        ,0.05          ,cifar  ,1.05                     ,0.99
6396          ,4     ,8       ,5          ,10     ,1.4271651217563017   ,128         ,25000,"[13, 13, 13, 12, 12, 13, 13, 13, 13, 13]",round_robin        ,0.2        ,0.05          ,cifar  ,1.05                     ,0.99
8666          ,0     ,9       ,5          ,10     ,2.194105554069028    ,96          ,25003,"[8, 10, 9, 10, 10, 10, 10, 10, 10, 9]"   ,round_robin        ,0.2        ,0.05          ,cifar  ,1.05                     ,0.99
2047          ,5     ,2       ,5          ,10     ,9.347728926001192    ,80          ,25042,"[8, 8, 8, 8, 8, 8, 8, 8, 8, 8]"          ,round_robin        ,0.2        ,0.05          ,cifar  ,1.05                     ,0.99
1899          ,7     ,6       ,5          ,10     ,2.4517776008662175   ,53          ,25040,"[6, 6, 6, 6, 4, 5, 5, 5, 5, 5]"          ,round_robin        ,0.2        ,0.05          ,cifar  ,1.05                     ,0.99
1267          ,4     ,8       ,5          ,10     ,1.0783161298025354   ,162         ,25015,"[17, 16, 17, 16, 16, 16, 16, 16, 16, 16]",round_robin        ,0.2        ,0.05          ,cifar  ,1.05                     ,0.99
3556          ,6     ,2       ,5          ,10     ,7.388721908857485    ,80          ,25001,"[8, 8, 8, 8, 8, 8, 8, 8, 8, 8]"          ,round_robin        ,0.2        ,0.05          ,cifar  ,1.05                     ,0.99
8838          ,8     ,4       ,5          ,10     ,0.9290564806017981   ,320         ,25044,"[32, 32, 32, 32, 32, 32, 32, 32, 32, 32]",round_robin        ,0.2        ,0.05          ,cifar  ,1.05                     ,0.99
5393          ,4     ,3       ,5          ,10     ,8.561012506044848e-07,0           ,25000,"[0, 0, 0, 0, 0, 0, 0, 0, 0, 0]"          ,round_robin        ,0.2        ,0.05          ,cifar  ,1.05                     ,0.99
8792          ,6     ,1       ,5          ,10     ,13.912283206018751   ,80          ,25000,"[8, 8, 8, 8, 8, 8, 8, 8, 8, 8]"          ,round_robin        ,0.2        ,0.05          ,cifar  ,1.05                     ,0.99
7513          ,0     ,4       ,5          ,10     ,1.917443006939959    ,118         ,25021,"[12, 12, 12, 12, 11, 11, 12, 12, 12, 12]",round_robin        ,0.2        ,0.05          ,cifar  ,1.05                     ,0.99
7041          ,4     ,3       ,5          ,10     ,0.5966468485081213   ,330         ,25030,"[33, 33, 33, 33, 33, 33, 33, 33, 33, 33]",round_robin        ,0.2        ,0.05          ,cifar  ,1.05                     ,0.99
7270          ,9     ,3       ,5          ,5      ,0.8509695354879214   ,250         ,25026,"[50, 50, 50, 50, 50]"                    ,round_robin        ,0.2        ,0.05          ,cifar  ,1.05                     ,0.99                       ,"[[198, 102, 148, 343, 185, 375, 367, 186, 96, 108, 96, 86, 83, 73, 62, 52, 51, 53, 51, 51, 51, 51, 51, 51, 52, 52, 51, 52, 51, 60, 51, 51, 52, 53, 51, 55, 51, 51, 53, 52, 56, 51, 58, 51, 52, 51, 51, 51, 51, 51], [198, 102, 148, 345, 205, 455, 267, 177, 100, 107, 94, 89, 82, 77, 61, 53, 51, 51, 51, 51, 51, 52, 51, 51, 51, 54, 51, 51, 51, 61, 51, 51, 53, 52, 51, 53, 51, 51, 56, 51, 55, 51, 51, 52, 52, 53, 52, 51, 51, 52], [198, 102, 146, 324, 237, 507, 200, 184, 94, 102, 98, 94, 84, 79, 54, 53, 51, 51, 51, 51, 51, 51, 53, 53, 51, 53, 52, 52, 51, 60, 52, 51, 53, 51, 51, 54, 51, 51, 54, 51, 56, 51, 51, 53, 53, 52, 52, 53, 51, 51], [199, 102, 147, 323, 236, 497, 213, 183, 95, 109, 94, 90, 85, 71, 61, 53, 53, 52, 52, 51, 54, 51, 51, 51, 51, 51, 51, 54, 51, 59, 51, 51, 51, 51, 51, 56, 51, 51, 53, 52, 55, 51, 51, 53, 52, 54, 51, 51, 51, 51], [180, 90, 128, 307, 271, 373, 370, 182, 96, 106, 93, 88, 84, 64, 64, 53, 51, 52, 51, 51, 52, 51, 52, 53, 52, 51, 51, 56, 51, 63, 51, 53, 53, 51, 51, 58, 51, 51, 52, 53, 54, 51, 51, 52, 51, 52, 51, 51, 51, 51]]"
860           ,4     ,7       ,5          ,5      ,0.17484054437409285  ,153         ,25014,"[31, 31, 31, 30, 30]"                    ,round_robin        ,0.2        ,0.05          ,cifar  ,1.05                     ,0.99                       ,"[[316, 120, 307, 177, 83, 84, 78, 99, 76, 76, 78, 74, 92, 110, 107, 106, 101, 94, 78, 70, 66, 62, 58, 58, 86, 266, 331, 320, 505, 284, 363], [333, 113, 297, 178, 89, 77, 79, 90, 84, 76, 78, 74, 92, 110, 106, 106, 102, 94, 78, 67, 69, 59, 61, 58, 86, 266, 332, 319, 506, 284, 363], [322, 122, 278, 195, 86, 82, 81, 91, 81, 78, 75, 77, 93, 109, 106, 106, 102, 91, 81, 67, 66, 62, 58, 58, 89, 267, 331, 319, 506, 285, 370], [320, 110, 299, 187, 88, 81, 81, 91, 81, 78, 75, 77, 97, 106, 107, 105, 102, 94, 78, 67, 66, 62, 58, 58, 93, 271, 329, 320, 506, 289], [319, 123, 295, 177, 83, 87, 83, 91, 77, 79, 77, 74, 96, 110, 106, 106, 102, 91, 78, 69, 67, 61, 58, 59, 93, 271, 330, 319, 506, 289]]"
5734          ,6     ,9       ,5          ,5      ,1.2077830268753034   ,120         ,25009,"[24, 24, 24, 24, 24]"                    ,round_robin        ,0.2        ,0.05          ,cifar  ,1.05                     ,0.99                       ,"[[1191, 114, 155, 94, 72, 60, 61, 58, 57, 86, 74, 72, 62, 59, 60, 267, 146, 93, 82, 60, 60, 216, 249, 345], [1207, 117, 145, 91, 83, 60, 60, 57, 58, 84, 76, 71, 62, 58, 58, 277, 137, 90, 85, 61, 60, 216, 239, 304], [1167, 159, 150, 106, 82, 60, 60, 55, 62, 76, 71, 70, 59, 61, 58, 297, 135, 94, 63, 61, 60, 213, 244, 324], [1150, 137, 175, 106, 73, 60, 60, 59, 61, 77, 75, 66, 62, 62, 58, 292, 141, 88, 69, 61, 60, 212, 250, 357], [1164, 138, 177, 107, 78, 63, 57, 60, 118, 77, 71, 62, 59, 61, 272, 114, 101, 98, 60, 63, 211, 237, 301, 543]]"
466           ,4     ,6       ,5          ,5      ,1.2128382997724727   ,210         ,25005,"[42, 42, 42, 42, 42]"                    ,round_robin        ,0.2        ,0.05          ,cifar  ,1.05                     ,0.99                       ,"[[112, 100, 125, 94, 93, 86, 82, 88, 107, 94, 397, 573, 407, 213, 182, 70, 92, 115, 134, 64, 51, 51, 51, 52, 51, 51, 53, 61, 62, 77, 66, 63, 65, 66, 84, 76, 60, 58, 51, 59, 76, 71], [111, 100, 130, 90, 92, 85, 84, 88, 107, 94, 425, 576, 394, 197, 171, 74, 89, 122, 122, 71, 51, 56, 51, 51, 51, 51, 52, 64, 67, 77, 66, 61, 74, 67, 71, 77, 60, 65, 56, 78, 66, 85], [106, 101, 131, 89, 92, 87, 84, 87, 107, 93, 416, 574, 405, 211, 166, 71, 87, 121, 116, 71, 54, 53, 52, 52, 51, 51, 51, 58, 56, 79, 65, 68, 74, 66, 78, 74, 55, 54, 63, 60, 64, 68], [109, 100, 131, 89, 91, 89, 83, 86, 107, 83, 377, 584, 436, 207, 180, 71, 88, 120, 117, 67, 56, 54, 51, 51, 51, 51, 52, 60, 62, 82, 65, 62, 69, 66, 83, 77, 59, 60, 51, 56, 65, 64], [96, 102, 119, 90, 92, 89, 80, 88, 109, 92, 408, 573, 408, 206, 176, 70, 93, 114, 122, 70, 53, 54, 51, 51, 51, 53, 53, 63, 61, 76, 66, 64, 65, 66, 83, 73, 63, 59, 51, 57, 77, 72]]"
4426          ,0     ,7       ,5          ,5      ,2.374155855194012    ,340         ,25042,"[68, 68, 68, 68, 68]"                    ,round_robin        ,0.2        ,0.05          ,cifar  ,1.05                     ,0.99                       ,"[[129, 140, 78, 84, 69, 60, 65, 57, 57, 56, 114, 151, 131, 84, 92, 85, 84, 63, 69, 62, 57, 67, 71, 77, 62, 51, 58, 58, 60, 51, 51, 56, 51, 53, 51, 51, 51, 56, 51, 51, 51, 51, 51, 51, 51, 51, 51, 51, 52, 51, 51, 51, 51, 51, 51, 51, 51, 51, 51, 51, 52, 54, 53, 54, 54, 59, 62, 55], [136, 147, 77, 74, 66, 61, 57, 59, 61, 57, 130, 126, 136, 85, 85, 87, 76, 72, 71, 58, 59, 66, 62, 80, 66, 53, 63, 62, 59, 51, 51, 52, 52, 51, 51, 51, 51, 51, 51, 51, 51, 51, 51, 51, 51, 51, 51, 51, 51, 51, 51, 51, 52, 51, 51, 52, 51, 52, 51, 51, 51, 53, 54, 54, 54, 56, 64, 56], [125, 147, 76, 87, 62, 63, 59, 58, 61, 58, 119, 125, 145, 86, 84, 86, 78, 69, 67, 59, 63, 57, 72, 77, 69, 54, 57, 58, 59, 51, 51, 53, 51, 52, 51, 51, 51, 51, 52, 51, 51, 51, 51, 51, 51, 52, 51, 51, 51, 51, 51, 51, 51, 51, 51, 51, 51, 51, 51, 51, 51, 54, 54, 53, 54, 56, 62, 56], [129, 150, 77, 86, 66, 61, 63, 59, 56, 64, 127, 133, 133, 94, 85, 87, 78, 66, 68, 61, 59, 61, 68, 77, 65, 52, 58, 58, 58, 51, 51, 58, 51, 51, 51, 51, 51, 53, 52, 51, 51, 52, 51, 51, 51, 51, 51, 51, 51, 51, 51, 52, 51, 51, 51, 51, 51, 51, 51, 51, 51, 53, 54, 54, 53, 58, 62, 56], [133, 148, 78, 79, 63, 58, 59, 58, 62, 55, 114, 145, 133, 85, 84, 87, 76, 68, 68, 58, 64, 57, 74, 80, 65, 52, 57, 61, 58, 51, 51, 53, 51, 54, 51, 51, 51, 53, 52, 52, 51, 51, 51, 52, 51, 51, 51, 51, 51, 51, 51, 51, 51, 51, 51, 52, 51, 51, 51, 51, 51, 54, 54, 53, 54, 56, 65, 54]]"
8322          ,4     ,5       ,5          ,5      ,0.4691573019775455   ,306         ,25004,"[61, 61, 62, 61, 61]"                    ,round_robin        ,0.2        ,0.05          ,cifar  ,1.05                     ,0.99                       ,"[[234, 53, 54, 53, 54, 57, 61, 76, 89, 123, 67, 55, 55, 53, 65, 68, 67, 79, 83, 74, 63, 82, 66, 56, 71, 60, 74, 65, 62, 59, 55, 53, 55, 53, 53, 53, 53, 54, 52, 53, 53, 53, 53, 52, 52, 52, 53, 51, 52, 52, 52, 55, 55, 58, 59, 63, 185, 185, 185, 180, 225], [236, 56, 53, 52, 55, 57, 61, 71, 94, 124, 69, 53, 54, 55, 68, 69, 84, 64, 74, 74, 65, 84, 64, 56, 71, 60, 73, 63, 57, 60, 56, 53, 54, 54, 52, 53, 54, 53, 52, 53, 52, 53, 53, 53, 52, 52, 51, 52, 52, 52, 54, 53, 56, 57, 59, 54, 182, 185, 185, 180, 220], [225, 52, 54, 56, 58, 56, 56, 79, 94, 123, 68, 54, 55, 55, 68, 69, 77, 70, 76, 71, 63, 81, 66, 58, 70, 59, 70, 64, 59, 59, 55, 55, 55, 53, 53, 53, 53, 53, 53, 53, 52, 53, 52, 53, 52, 51, 52, 52, 51, 52, 53, 53, 54, 59, 59, 55, 163, 185, 185, 180, 215, 240], [231, 51, 53, 57, 58, 52, 56, 69, 96, 104, 87, 53, 53, 55, 60, 65, 79, 82, 84, 76, 62, 82, 66, 57, 71, 59, 71, 65, 61, 60, 55, 54, 54, 54, 52, 53, 53, 53, 53, 53, 52, 54, 52, 54, 52, 51, 52, 51, 52, 52, 53, 54, 56, 58, 58, 55, 182, 185, 185, 180, 220], [231, 55, 53, 54, 54, 57, 62, 76, 89, 123, 68, 54, 58, 56, 64, 67, 76, 73, 79, 75, 61, 83, 67, 56, 68, 58, 70, 67, 60, 61, 56, 53, 55, 53, 53, 53, 54, 53, 53, 52, 54, 53, 52, 52, 53, 51, 52, 52, 52, 52, 52, 54, 55, 58, 59, 56, 185, 185, 185, 180, 225]]"
769           ,4     ,7       ,5          ,5      ,0.6642945130028766   ,265         ,25030,"[53, 53, 53, 53, 53]"                    ,round_robin        ,0.2        ,0.05          ,cifar  ,1.05                     ,0.99                       ,"[[200, 209, 191, 268, 115, 113, 96, 116, 116, 94, 107, 95, 102, 93, 82, 92, 75, 63, 58, 57, 51, 59, 52, 54, 55, 52, 51, 51, 51, 51, 51, 51, 51, 51, 52, 51, 51, 51, 51, 51, 52, 52, 51, 51, 51, 51, 51, 51, 51, 51, 51, 51, 51], [181, 216, 203, 278, 157, 99, 130, 122, 97, 102, 100, 93, 104, 87, 72, 89, 64, 61, 57, 52, 55, 58, 54, 53, 51, 51, 51, 51, 52, 51, 51, 52, 51, 51, 51, 51, 52, 52, 51, 51, 51, 51, 51, 51, 51, 51, 51, 51, 51, 51, 51, 51, 51], [177, 217, 200, 272, 114, 108, 90, 122, 121, 95, 105, 101, 128, 86, 79, 86, 72, 60, 59, 54, 53, 58, 51, 53, 54, 53, 51, 51, 51, 51, 51, 51, 51, 51, 51, 51, 51, 51, 51, 52, 51, 51, 52, 51, 51, 51, 51, 51, 51, 51, 51, 51, 51], [166, 222, 196, 264, 119, 112, 97, 119, 122, 94, 105, 101, 123, 87, 72, 81, 77, 60, 57, 57, 52, 54, 51, 56, 54, 54, 51, 51, 51, 51, 51, 51, 51, 51, 51, 51, 51, 51, 51, 51, 51, 51, 51, 51, 51, 51, 51, 51, 51, 52, 51, 51, 52], [183, 211, 189, 267, 115, 112, 99, 111, 124, 95, 104, 100, 124, 93, 76, 85, 74, 60, 53, 56, 55, 53, 55, 55, 53, 53, 51, 51, 51, 51, 51, 51, 51, 51, 51, 51, 51, 52, 51, 51, 51, 51, 51, 51, 52, 51, 51, 51, 51, 51, 51, 51, 51]]"
6949          ,0     ,1       ,5          ,5      ,2.1289163029645977   ,74          ,25016,"[14, 15, 14, 16, 15]"                    ,round_robin        ,0.2        ,0.05          ,cifar  ,1.05                     ,0.99                       ,"[[240, 225, 220, 225, 112, 115, 115, 116, 139, 159, 440, 441, 1740, 366], [240, 225, 220, 225, 112, 115, 115, 116, 124, 149, 342, 527, 677, 1086, 370], [240, 225, 220, 225, 112, 115, 115, 116, 129, 159, 440, 440, 1732, 376], [240, 225, 220, 225, 112, 115, 115, 115, 125, 144, 322, 553, 677, 1085, 221, 219], [240, 225, 220, 220, 112, 115, 115, 115, 125, 154, 361, 509, 678, 1084, 380]]"
6420          ,7     ,0       ,5          ,5      ,0.5859812590090665   ,333         ,25001,"[66, 66, 67, 68, 66]"                    ,round_robin        ,0.2        ,0.05          ,cifar  ,1.05                     ,0.99                       ,"[[302, 114, 62, 78, 57, 71, 57, 56, 63, 51, 62, 62, 51, 52, 52, 51, 51, 53, 87, 95, 60, 52, 73, 69, 78, 83, 60, 53, 54, 73, 94, 76, 76, 67, 69, 74, 71, 65, 66, 69, 62, 60, 53, 57, 59, 55, 63, 63, 58, 74, 69, 62, 62, 54, 51, 51, 56, 60, 51, 58, 51, 51, 51, 51, 76, 329], [299, 117, 73, 69, 55, 71, 56, 56, 63, 51, 61, 56, 51, 55, 51, 51, 51, 51, 75, 75, 77, 51, 79, 67, 71, 88, 64, 54, 52, 75, 98, 69, 75, 67, 77, 64, 78, 66, 62, 73, 56, 61, 57, 53, 62, 56, 69, 58, 55, 73, 69, 62, 62, 60, 57, 56, 54, 63, 51, 57, 51, 52, 51, 51, 78, 328], [299, 114, 64, 78, 56, 71, 53, 60, 55, 51, 64, 53, 51, 51, 51, 51, 51, 51, 59, 76, 86, 52, 61, 67, 70, 94, 68, 57, 52, 55, 70, 84, 75, 72, 66, 73, 67, 74, 66, 66, 64, 62, 63, 55, 52, 65, 55, 63, 62, 58, 67, 69, 56, 61, 60, 57, 57, 53, 51, 55, 51, 51, 51, 51, 51, 51, 279], [298, 114, 61, 70, 54, 65, 63, 55, 65, 51, 61, 57, 55, 51, 51, 51, 51, 51, 61, 74, 86, 52, 67, 61, 71, 92, 68, 59, 52, 55, 69, 82, 76, 73, 65, 74, 70, 72, 63, 63, 67, 57, 58, 59, 54, 56, 55, 67, 57, 57, 60, 69, 66, 59, 57, 58, 51, 54, 51, 51, 51, 51, 51, 51, 51, 51, 130, 304], [297, 116, 72, 69, 56, 70, 55, 58, 54, 51, 65, 54, 52, 51, 51, 51, 51, 51, 64, 75, 83, 52, 65, 62, 71, 105, 72, 56, 52, 70, 76, 83, 81, 66, 68, 67, 70, 72, 69, 67, 62, 62, 57, 53, 55, 58, 63, 63, 54, 60, 69, 70, 64, 63, 59, 51, 56, 51, 51, 51, 51, 52, 51, 51, 51, 137]]"
3385          ,8     ,5       ,5          ,5      ,2.604111987944814    ,213         ,25001,"[42, 42, 43, 43, 43]"                    ,round_robin        ,0.2        ,0.05          ,cifar  ,1.05                     ,0.99                       ,"[[342, 108, 206, 92, 860, 211, 82, 152, 120, 91, 55, 55, 56, 54, 56, 57, 56, 52, 54, 54, 52, 52, 53, 51, 55, 51, 53, 58, 52, 54, 53, 53, 59, 64, 60, 167, 266, 75, 70, 63, 57, 232], [347, 107, 196, 94, 862, 207, 107, 123, 112, 95, 58, 54, 55, 57, 54, 57, 53, 53, 54, 52, 52, 52, 53, 53, 53, 53, 53, 53, 53, 53, 53, 55, 54, 64, 61, 181, 259, 74, 70, 65, 58, 204], [340, 114, 173, 81, 906, 157, 96, 119, 99, 129, 63, 55, 55, 56, 55, 54, 56, 55, 54, 52, 52, 54, 53, 51, 53, 53, 53, 53, 57, 51, 53, 55, 53, 62, 61, 101, 112, 260, 75, 70, 65, 57, 205], [337, 114, 201, 93, 860, 160, 96, 113, 98, 129, 68, 56, 55, 57, 56, 56, 56, 54, 54, 54, 52, 52, 52, 53, 53, 53, 53, 53, 53, 53, 53, 55, 53, 60, 65, 82, 133, 295, 74, 69, 60, 105, 255], [243, 120, 117, 171, 94, 860, 209, 107, 124, 111, 92, 59, 54, 56, 54, 55, 58, 56, 52, 54, 54, 52, 52, 53, 51, 55, 51, 53, 55, 53, 53, 53, 53, 55, 62, 64, 180, 296, 73, 70, 60, 109, 255]]"
6396          ,4     ,8       ,5          ,5      ,1.5182204201343121   ,244         ,25016,"[49, 49, 49, 49, 48]"                    ,round_robin        ,0.2        ,0.05          ,cifar  ,1.05                     ,0.99                       ,"[[151, 113, 111, 217, 119, 86, 91, 95, 130, 194, 92, 100, 108, 112, 96, 85, 64, 77, 95, 86, 74, 77, 56, 78, 60, 66, 88, 75, 79, 87, 82, 68, 51, 51, 51, 51, 60, 72, 70, 72, 74, 61, 58, 66, 63, 65, 58, 84, 61], [162, 114, 111, 181, 145, 86, 91, 94, 130, 193, 94, 100, 107, 124, 93, 79, 61, 77, 86, 70, 79, 70, 64, 85, 53, 71, 73, 76, 86, 87, 85, 72, 51, 51, 51, 51, 55, 72, 75, 70, 72, 65, 58, 68, 63, 63, 60, 79, 63], [159, 109, 116, 212, 114, 85, 90, 96, 131, 195, 96, 98, 121, 110, 93, 79, 66, 83, 88, 82, 75, 74, 56, 77, 60, 63, 81, 74, 81, 92, 84, 69, 51, 51, 51, 51, 60, 70, 70, 70, 72, 64, 57, 66, 63, 66, 58, 86, 62], [175, 101, 110, 225, 125, 87, 102, 84, 156, 167, 95, 101, 120, 121, 85, 75, 67, 79, 91, 87, 72, 76, 52, 78, 59, 65, 84, 80, 80, 87, 81, 70, 51, 51, 51, 51, 62, 72, 70, 82, 71, 60, 57, 68, 64, 65, 56, 88, 61], [152, 102, 109, 202, 138, 86, 100, 97, 126, 196, 95, 97, 107, 114, 94, 88, 65, 75, 92, 79, 72, 77, 65, 79, 59, 66, 80, 75, 81, 92, 85, 70, 51, 51, 51, 51, 64, 73, 72, 92, 68, 58, 85, 64, 67, 58, 81, 64]]"
2558          ,4     ,9       ,5          ,5      ,0.7668312681602422   ,237         ,25029,"[47, 48, 47, 48, 47]"                    ,round_robin        ,0.2        ,0.05          ,cifar  ,1.05                     ,0.99                       ,"[[261, 305, 132, 542, 465, 140, 121, 109, 98, 98, 100, 92, 83, 75, 82, 59, 65, 65, 74, 59, 53, 54, 52, 51, 60, 55, 53, 51, 53, 53, 52, 52, 52, 52, 52, 52, 51, 52, 52, 52, 52, 53, 66, 90, 81, 64, 56], [239, 315, 131, 530, 476, 140, 123, 110, 93, 99, 102, 90, 87, 70, 69, 64, 62, 63, 70, 66, 51, 57, 53, 51, 60, 51, 52, 52, 51, 52, 52, 52, 52, 52, 52, 52, 52, 53, 52, 52, 52, 51, 56, 81, 88, 69, 59, 56], [253, 314, 133, 544, 466, 174, 139, 91, 123, 97, 89, 95, 79, 75, 64, 59, 65, 73, 63, 58, 58, 52, 52, 55, 52, 51, 52, 54, 51, 53, 52, 52, 52, 52, 52, 52, 51, 52, 52, 52, 52, 60, 67, 98, 72, 59, 58], [264, 302, 132, 545, 458, 145, 123, 109, 94, 100, 102, 91, 83, 69, 75, 65, 65, 67, 72, 61, 54, 57, 53, 51, 62, 53, 53, 51, 52, 52, 52, 52, 52, 52, 52, 52, 52, 51, 52, 52, 53, 55, 64, 90, 77, 63, 58, 56], [263, 303, 132, 528, 486, 173, 138, 113, 103, 97, 89, 92, 79, 72, 67, 58, 63, 76, 65, 54, 60, 52, 52, 54, 53, 51, 53, 53, 52, 52, 52, 53, 51, 52, 52, 52, 52, 52, 52, 52, 52, 57, 68, 95, 70, 60, 57]]"
2747          ,3     ,2       ,5          ,5      ,1.409652110832093    ,300         ,25046,"[60, 60, 60, 60, 60]"                    ,round_robin        ,0.2        ,0.05          ,cifar  ,1.05                     ,0.99                       ,"[[262, 134, 109, 109, 176, 270, 105, 108, 77, 136, 103, 107, 96, 108, 70, 91, 79, 84, 97, 57, 55, 55, 58, 61, 53, 53, 52, 53, 52, 53, 52, 52, 53, 52, 52, 54, 51, 53, 51, 55, 53, 52, 51, 52, 52, 51, 51, 52, 51, 59, 51, 53, 52, 52, 52, 55, 57, 53, 57, 54], [242, 154, 108, 101, 175, 271, 102, 110, 76, 137, 100, 109, 105, 111, 70, 87, 78, 80, 98, 54, 55, 55, 60, 59, 53, 52, 53, 52, 53, 53, 52, 51, 53, 53, 52, 53, 52, 52, 51, 53, 53, 51, 52, 52, 51, 51, 52, 51, 52, 58, 51, 53, 52, 52, 53, 55, 56, 54, 56, 54], [282, 126, 110, 109, 167, 259, 99, 109, 77, 136, 98, 109, 99, 116, 68, 91, 78, 84, 94, 54, 54, 54, 58, 54, 53, 53, 52, 53, 51, 53, 52, 53, 52, 55, 51, 52, 52, 53, 51, 52, 53, 52, 52, 51, 52, 51, 51, 51, 52, 51, 52, 54, 52, 52, 53, 56, 56, 54, 56, 56], [230, 152, 111, 109, 177, 275, 97, 109, 77, 138, 99, 106, 104, 107, 69, 91, 79, 79, 90, 54, 54, 55, 55, 60, 53, 53, 52, 53, 52, 53, 54, 53, 53, 52, 52, 52, 54, 52, 51, 51, 52, 52, 52, 53, 52, 51, 51, 51, 51, 51, 52, 53, 52, 52, 52, 55, 56, 54, 54, 56], [221, 153, 109, 111, 168, 274, 107, 108, 68, 143, 101, 103, 109, 114, 68, 88, 81, 84, 94, 54, 54, 54, 61, 60, 53, 53, 53, 52, 53, 53, 52, 53, 52, 53, 51, 52, 53, 52, 51, 55, 52, 52, 52, 51, 52, 51, 51, 52, 51, 55, 51, 54, 52, 52, 52, 56, 56, 54, 56, 55]]"
1899,7,6,5,5,2.1500051064900716,114,25025,"[22, 23, 23, 24, 22]",round_robin,0.2,0.05,cifar,1.05,0.99,"[[167, 141, 165, 556, 678, 166, 233, 158, 192, 110, 99, 86, 331, 140, 103, 72, 89, 121, 123, 109, 96, 77], [153, 150, 157, 572, 683, 165, 223, 164, 189, 111, 101, 84, 315, 142, 81, 73, 79, 112, 95, 167, 80, 96, 77], [152, 150, 158, 574, 681, 164, 229, 158, 193, 110, 96, 87, 318, 136, 84, 85, 94, 114, 105, 141, 72, 92, 78], [168, 150, 156, 566, 771, 136, 163, 136, 91, 143, 110, 90, 83, 230, 234, 89, 77, 86, 112, 100, 140, 80, 96, 78], [151, 155, 153, 583, 726, 135, 240, 139, 192, 113, 95, 86, 340, 129, 123, 66, 109, 115, 117, 114, 119, 80]]"
